adm1_code,event_count,mean_flooded_population,mean_flooded_area,mean_flooded_area_norm
272.0,28,13.587193992000001,1.7243767988000003,0.003970973399999999
273.0,21,2.186776895,0.101685979,0.000493451
274.0,23,3.715566566,0.050326772,0.000282469
275.0,16,576.1913462499999,15.2160150295,0.090760569
276.0,8,,,
277.0,12,415.22786554000004,116.20256440166666,0.23660619500000002
278.0,23,32.52643826,0.7688600056666667,0.0037204763333333335
279.0,15,464.20695615479997,31.023877182400003,0.14311344799999998
280.0,21,6.578378333250001,0.32225172199999996,0.0008703130000000001
281.0,11,321.910486506,7.954281383,0.0133182768
282.0,26,723.9311569240001,44.66256473039999,0.0821004964
283.0,8,38.4299705605,1.8491257245,0.016648261
284.0,12,4142.0430375,1.5080696249999999,0.032370209
285.0,14,135.0640055145,9.3474053385,0.017268966333333333
286.0,13,26.56426599,0.255364173,0.013562529
287.0,14,172.3325475,1.661728673,0.038771007
288.0,19,25.440254574000004,0.47358710233333334,0.009768197666666667
289.0,17,2419.078097,25.88623214,0.327341102
290.0,20,90.65944478,0.7495094409999999,0.019531296
291.0,12,24.00129177,0.361782597,0.008225304
292.0,31,128.9876546472,0.6259825726,0.008495248
293.0,10,161.199067383,294.89559914,0.7267516082500001
294.0,13,0.7304149990000001,0.08403877633333334,0.0009349153333333333
295.0,11,7.2928667035,0.078260995,0.00041022599999999997
296.0,15,69.29467936500001,0.5163088415,0.009777106
298.0,12,,,
299.0,15,0.9338465859999999,0.06775773766666666,0.00044418733333333334
300.0,23,20.286415265000002,0.2479458545,0.002011638
302.0,13,5.812708915,0.051297063000000004,0.00048454849999999996
303.0,7,28.4319476025,1.9054297495,0.0109827405
305.0,5,,,
306.0,2,,,
307.0,1,,,
308.0,2,19.73153811,0.659458426,0.139721375
309.0,2,,,
310.0,5,,,
311.0,3,,,
312.0,6,2350.439968,33.92832387,4.266840007
313.0,9,212.7144219,1.710701212,0.144073238
314.0,5,242.7836217,7.040449224,0.950998481
315.0,4,,,
316.0,2,,,
317.0,2,3.124338251,1.328867223,0.154010951
318.0,2,,,
319.0,6,,,
320.0,5,,,
321.0,4,,,
322.0,5,,,
323.0,8,,,
324.0,3,,,
325.0,3,,,
326.0,7,,,
327.0,1,,,
328.0,3,,,
329.0,5,,,
330.0,3,,,
331.0,8,,,
333.0,5,,,
334.0,3,,,
335.0,12,5479.033989,7.01174802,0.518246938
336.0,5,,,
337.0,7,,,
338.0,7,6.720843327,0.279498875,0.022725876
339.0,2,,,
340.0,6,,,
341.0,4,,,
342.0,2,,,
343.0,1,,,
344.0,7,,,
345.0,3,,,
346.0,3,,,
347.0,1,117.6952845,21.99158651,0.01370815
348.0,3,,,
349.0,3,,,
350.0,6,,,
351.0,1,,,
352.0,1,,,
353.0,7,,,
354.0,4,,,
355.0,1,,,
356.0,1,,,
357.0,5,2.05988317,0.154274034,0.000215174
360.0,3,,,
362.0,2,,,
363.0,2,,,
364.0,2,,,
365.0,2,,,
366.0,2,,,
367.0,3,,,
368.0,1,,,
369.0,2,,,
370.0,5,,,
371.0,3,3.043826044,0.20763994,0.00070104
372.0,7,,,
373.0,1,,,
374.0,1,,,
375.0,3,,,
376.0,3,,,
377.0,2,,,
378.0,2,,,
379.0,1,,,
380.0,1,,,
381.0,4,0.368406463,1.690195503,0.000280214
382.0,4,,,
383.0,3,,,
384.0,3,26.66805099,3.118702412,0.015503374
385.0,4,,,
386.0,1,,,
387.0,9,,,
388.0,6,,,
389.0,1,,,
398.0,7,,,
399.0,23,239.59809431992306,3.8747089696923074,0.00985108446153846
400.0,19,354.9755083876,24.2047019237,0.033555419
401.0,2,,,
402.0,22,1549.4276781,335.60369953,0.168405262
403.0,18,1920.2556087083333,152.8552039775,0.2769854978333333
404.0,9,12872.54158,747.6375263,0.968465968
405.0,27,600.1099274229999,8.581753129333334,0.02586326116666667
406.0,9,5.391965452,0.30034164,0.000381518
407.0,22,71.43991281338461,5.420774934230769,0.02817117692307692
408.0,36,18242.0375708375,5.633607368374999,0.20953445112500002
409.0,17,799.5507053823845,117.08651451153847,0.10836906484615384
410.0,20,428.37812348141665,100.3285186195,0.12889275575
411.0,30,1770.2788569066665,218.95703894,0.2662263132
412.0,16,18862.96201,6445.812319000001,3.224628472
413.0,17,13.719911450230768,2.5438072059230765,0.004404510153846153
414.0,23,83.47659597009999,8.208755829400001,0.013213830400000001
415.0,18,137.28093807425,11.00190954625,0.030420919916666664
429.0,22,,,
430.0,5,,,
431.0,6,,,
432.0,10,,,
433.0,6,,,
434.0,16,,,
435.0,14,2936.24993125,327.495610491,0.3663917965
436.0,18,7209.559446,658.1494123,0.845756942
437.0,11,3518.0100595,698.8127073999999,0.925922013
438.0,5,407.8857176,151.6632948,0.2841386005
439.0,7,,,
440.0,3,,,
441.0,2,,,
442.0,3,,,
443.0,5,,,
444.0,5,404.8899233,265.358912,0.130555181
445.0,16,250.22113729999998,82.88991469999999,0.0534657475
446.0,2,,,
447.0,1,,,
448.0,2,,,
449.0,24,,,
450.0,11,,,
452.0,9,,,
453.0,1,,,
454.0,1,,,
455.0,1,,,
456.0,1,,,
458.0,1,,,
462.0,2,,,
470.0,45,2825.768163633333,620.3316552333334,0.07746655233333333
471.0,3,2.660727309,503.6955658,0.037360871
473.0,41,2556.028611,3733.3213469,0.21580460533333334
474.0,3,62.15571308,42.20528979,0.004288332
475.0,1,,,
476.0,11,17.84110079,87.80357832,0.038595688
477.0,2,,,
478.0,2,,,
479.0,2,,,
480.0,6,,,
481.0,6,,,
482.0,5,,,
483.0,4,,,
484.0,4,,,
485.0,4,,,
486.0,3,,,
561.0,1,,,
575.0,10,45588.520347,49.985431869500005,0.4648841205
576.0,46,709631.2628609,592.6118876707,1.9112501689999999
577.0,43,2409091.6816251646,2563.074125512071,8.285474997357143
578.0,18,602929.003025,777.83436615,3.801779922
580.0,39,2689552.416672083,3329.80482416975,27.13552109591667
593.0,2,,,
594.0,4,,,
595.0,4,,,
596.0,4,,,
597.0,2,,,
598.0,2,,,
599.0,2,,,
600.0,3,,,
601.0,7,42669.20631,46.84884653,0.346776438
602.0,7,,,
603.0,3,,,
604.0,2,,,
605.0,3,,,
606.0,3,,,
609.0,16,1232.63482694,36.4488620082,0.1354759938
610.0,3,551.379794974,40.215035599000004,0.1940226575
611.0,14,20206.6359767,26.267202512125,0.874506303125
612.0,10,4.751566714,0.122093505,0.000476884
613.0,10,24.71977886566667,0.7171311810000001,0.0051172836666666666
614.0,8,274.03719315,0.8632033365,0.035953464500000004
615.0,3,,,
616.0,14,2339.125542715,0.18511306825,0.32469848
617.0,15,1671.8870505444445,5.7381797269999995,0.3645003746666667
618.0,12,10742.852415645,24.466789509749997,1.9187153364999998
619.0,8,,,
620.0,13,2751.091396062,22.4266043072,0.4243234406
623.0,1,,,
625.0,1,,,
627.0,2,,,
628.0,2,,,
635.0,3,,,
636.0,2,,,
637.0,2,,,
648.0,34,58.1446898856923,27.20952034823077,0.04257056069230769
652.0,17,2599.1527277,43.449768525,0.162962255
653.0,18,1595.893917705,27.548255550500002,0.1125204785
654.0,8,,,
655.0,6,389.42275975,122.7044837,0.585363477
657.0,1,,,
658.0,1,,,
659.0,4,,,
660.0,11,668.37004515,591.4682455,0.530637119
661.0,1,,,
662.0,1,,,
663.0,1,,,
665.0,6,,,
666.0,13,8244.671697,38.120044433333334,0.13707946499999998
667.0,1,1.936071249,85.61380577,0.060924582
668.0,8,,,
669.0,17,8976.4860345,321.116364,0.05700672
670.0,9,4993.084184666666,265.705364,0.18052927900000001
671.0,1,,,
672.0,22,2486.536224284667,50.997488118166665,0.11086549783333333
674.0,8,15811.41704,384.7543055,0.117137707
675.0,2,,,
676.0,3,,,
677.0,27,5687.531064375,583.70906785,0.09951595
678.0,9,,,
679.0,7,,,
680.0,8,3990.683687,228.6335903,0.11513218
681.0,20,17386.395529999998,359.59566743333335,0.36507518533333333
682.0,10,2809.1445240333337,166.50822135,0.06591339066666667
683.0,40,6379.244317923454,61.073863089363634,0.1396192290909091
684.0,5,,,
685.0,21,52157.04931733333,3247.4972439,1.1940868253333334
686.0,2,1168.4356608,637.5061743499999,0.2680496675
688.0,20,14484.193355000001,288.32966332499996,0.3033460065
689.0,27,15280.222638857143,847.4283135857142,0.34168300271428576
690.0,3,3997.541940333334,35.53883558333333,0.16187676833333334
691.0,3,,,
702.0,4,,,
703.0,10,940.7117238,5.490868791,0.070737894
704.0,3,,,
705.0,5,,,
706.0,5,,,
707.0,3,,,
708.0,2,,,
709.0,4,,,
710.0,7,,,
711.0,10,,,
712.0,7,,,
713.0,4,,,
714.0,6,,,
715.0,10,,,
716.0,2,,,
717.0,6,,,
718.0,2,,,
719.0,5,,,
721.0,5,,,
722.0,9,,,
723.0,6,,,
724.0,4,,,
725.0,1,,,
726.0,3,,,
727.0,8,,,
728.0,5,,,
729.0,7,,,
743.0,7,,,
744.0,3,7.0656563985,0.09308311650000001,0.0055976795
745.0,6,55.834238375,1.178120203,0.032544974000000004
746.0,7,4583.421546,38.87869322,1.194482589
747.0,2,,,
748.0,5,3226.4415209999997,10.367869665,0.986596453
749.0,2,923.5856538999999,1.6452620615,0.113432124
750.0,2,,,
751.0,6,,,
752.0,9,32.46015277,0.806829594,0.11644704
753.0,2,8036.426287,45.44667165,2.350417527
754.0,8,,,
755.0,2,,,
756.0,3,20894.66639,70.264055455,3.735722046
757.0,2,,,
758.0,4,240.308873,0.372492317,0.03655038
759.0,2,452.37927625000003,1.831543222,0.2189966015
760.0,6,3884.629699,19.52225008,1.270552323
761.0,10,,,
762.0,2,,,
763.0,8,,,
764.0,3,,,
765.0,6,11.22593053,0.186008468,0.005148946
766.0,7,5.063909053,0.1241268,0.014545907
767.0,5,,,
768.0,2,26.47457879,0.062080909,0.00956155
769.0,6,,,
770.0,4,1464.38879825,17.321851249999998,0.7878347245
771.0,2,58.770924705,1.3338036995,0.033975359
772.0,7,44.895055991,1.3024026815,0.037128248499999995
773.0,7,74.36798731,1.7686919694999998,0.042089303
774.0,2,529.9239714,1.7691931095,0.217249515
775.0,3,123.57977371000001,5.5823093615,0.1120416195
776.0,7,2343.9777655000003,10.4517507395,0.5217770310000001
777.0,2,5041.6711225,24.857751565,3.445459611
778.0,6,,,
779.0,5,6845.993725,65.6434159,4.4194409375
780.0,3,,,
781.0,3,,,
782.0,7,439.48630425,2.450288124,0.1117337345
783.0,8,,,
784.0,2,116.26905354,1.024419306,0.071061664
785.0,14,,,
786.0,5,4241.61946,18.928073765,1.340530113
787.0,4,,,
788.0,8,280.10898375,1.8619394655,0.1774930055
789.0,6,5352.107134,24.262881710000002,2.2569057805
790.0,5,,,
791.0,12,,,
792.0,11,,,
793.0,19,,,
794.0,17,,,
795.0,17,,,
796.0,14,,,
797.0,19,,,
798.0,18,,,
799.0,8,,,
801.0,23,,,
802.0,1,,,
803.0,4,,,
804.0,8,,,
805.0,4,,,
806.0,14,,,
807.0,16,,,
808.0,18,,,
809.0,14,,,
810.0,9,,,
811.0,5,,,
812.0,19,,,
813.0,8,,,
814.0,13,,,
815.0,1,,,
816.0,3,11.514161698333332,0.6190241666666667,0.0009001523333333332
817.0,1,,,
818.0,7,18940.2096975,236.0892267,0.696268547
819.0,3,,,
820.0,2,,,
821.0,7,3365.2842453999997,22.598697794,0.13043740799999998
824.0,2,114.9902567,0.804648478,0.003265459
825.0,8,,,
826.0,7,,,
827.0,6,,,
828.0,5,,,
829.0,3,,,
830.0,3,,,
831.0,4,21.04134061,0.752667512,0.001357871
833.0,12,,,
835.0,8,1235.998398,2234.605202,0.148148044
836.0,3,,,
848.0,1,,,
849.0,2,144.55183425500002,3.6507350830000003,0.478794147
850.0,2,33.320058265,0.9519017225,0.27210381299999997
851.0,2,168.044156165,0.534870073,0.229435116
852.0,3,,,
854.0,2,,,
856.0,2,,,
857.0,1,,,
858.0,4,,,
859.0,3,0.990256201,0.061951154,0.000210238
860.0,1,94.49050788,2.043463989,0.003407169
862.0,1,,,
863.0,1,,,
864.0,6,,,
865.0,5,,,
866.0,5,,,
868.0,1,,,
873.0,7,274.224213922,52.4841139115,0.08598660949999999
875.0,5,25225.44979,1182.5703484,7.182116429500001
876.0,10,1786.0018380000001,14.378466645,0.1632579285
881.0,20,1812.57029086,212.2497998195,0.31229678850000003
883.0,5,,,
884.0,15,955.752284,25.25064299,0.079745575
885.0,5,,,
886.0,4,,,
887.0,17,679.2942316,16.36378173,0.04415464
888.0,10,,,
889.0,14,93.50350191,1.228562655,0.007546938
891.0,3,,,
892.0,17,182.0614389,6.504011577,0.021470273
893.0,14,648.6221376,4.745385951,0.030667587
898.0,41,551964.634415,1013.1455068,0.723211658
899.0,7,6750.057081,36.06733348,0.219462519
900.0,64,74566.6262268,67.2941222865,0.0820316085
901.0,47,,,
902.0,36,,,
903.0,64,58072.87089099999,48.73893091699999,0.0274880536
904.0,58,1196.456069,10.03779357,0.004239846
905.0,90,2725.9056198333333,17.420498773000002,0.009960721666666667
906.0,8,,,
907.0,10,,,
908.0,18,,,
909.0,40,115231.11259666667,238.0353249666667,0.14317608866666665
911.0,81,649354.9472333334,1179.7008093,0.634218964
912.0,80,241207.36847000002,831.2310119333333,0.3940884116666667
913.0,35,542173.42195,1385.80202835,1.4103889185
914.0,71,240173.98482,867.7452931333333,0.5165983236666667
915.0,20,174750.9473775,1094.231480775,0.57083355375
916.0,8,,,
917.0,18,18232.63364,622.1049242,0.054060369
918.0,4,,,
919.0,8,,,
920.0,49,8227.537701833333,20.284430354666664,0.009873510166666667
921.0,25,327045.6311,2242.1152094999998,1.447128446
922.0,5,,,
923.0,14,,,
924.0,98,25411.7099915,80.45670679666667,0.016630446333333333
925.0,5,,,
926.0,2,,,
927.0,11,16760.96514,904.4653366,0.05632985
928.0,2,,,
929.0,63,10709.985207,58.89080772,0.0153606335
930.0,36,,,
934.0,21,232.0149977825,56.8784974525,0.0528898755
935.0,87,2190.0791997320625,52.631556032625,0.08334070075
936.0,34,321.90397932350004,82.6220584293,0.3260827824
937.0,55,35273.60218,209.3204765,4.743960839600001
938.0,64,57574.535771333336,649.0023589933334,2.4931322727333334
939.0,59,784.4961387266667,14.959392662733334,0.06399485346666665
940.0,16,,,
941.0,63,9.904749469375,0.139023969375,0.001840299
942.0,46,38.1731662008,24.063382035500002,0.026695068
943.0,44,650.2317967534999,262.06763442470003,0.5873038872
944.0,63,237.83491832600004,6.3684277838,0.0218281241
945.0,43,7473.365350233333,235.10675356666667,1.025039939
946.0,76,82.38716801066667,21.632486048666667,0.047847657599999996
947.0,58,6990.5305970625,153.77757626875,0.6171368794375
948.0,72,1500.250465362,10.530391660800001,0.04307151226666666
949.0,4,164.99142384725,125.03882663075,0.17943649475
950.0,53,1114.932006356,37.71674765873333,0.1787516066
951.0,27,10.909546087444445,2.956599545777778,0.005318378777777777
952.0,57,959.7275005444444,34.97194822555556,0.17226633044444445
953.0,62,11442.4444606,235.46728808999998,1.0711732548666668
954.0,48,103.73354440819999,28.8951096505,0.0338644901
955.0,60,262.08004719545454,6.057872141181818,0.018982629181818183
956.0,53,6.57600721075,0.27701612375,0.0012145985
957.0,49,6.206269458777778,2.090197642222222,0.008779081111111111
958.0,48,,,
959.0,57,12.812033645666666,0.16496381933333334,0.004084797666666667
960.0,28,192.455721965,0.19652219324999998,0.29703851049999996
961.0,57,6679.903965333334,203.18077928444444,0.6709176078888889
962.0,58,11513.019773777778,411.1387829444445,3.8056795055555557
963.0,69,46.24991675515385,0.9674169563076922,0.004132647846153846
964.0,62,950.95180837,10.253258500933333,0.04655049013333333
966.0,6,95.265619965,133.24756084166665,0.13224951933333332
967.0,2,,,
968.0,2,,,
969.0,2,,,
971.0,11,1981.501280176,188.141409292,0.4261072486
975.0,9,3089.593354,172.959110044,0.2765648098
976.0,2,0.744904999,0.123931359,0.000482072
977.0,11,358.36489964000003,138.78132976,0.34861282180000003
979.0,10,60.448037776,31.510370752,0.05484324
981.0,10,,,
982.0,15,,,
983.0,10,92.2932294,1.831717756,0.018045792
984.0,11,,,
985.0,13,3.987051053,0.488176222,0.005316089
986.0,11,11.71096554,0.551880842,0.004867305
987.0,9,,,
989.0,2,,,
992.0,4,,,
995.0,2,,,
996.0,2,1183.176574,12.99275067,1.772205881
997.0,3,,,
999.0,1,,,
1001.0,4,,,
1002.0,1,,,
1005.0,1,,,
1006.0,4,,,
1007.0,2,11.40440422,0.5587838549999999,0.015288262
1008.0,1,,,
1009.0,2,,,
1010.0,1,,,
1011.0,1,,,
1012.0,3,,,
1013.0,4,,,
1014.0,3,952.7481804,21.11513897,0.330341776
1015.0,2,,,
1018.0,2,,,
1019.0,1,62.84010171,23.17632204,0.199463247
1020.0,1,467.2298511,3.275448164,0.02942133
1021.0,2,,,
1022.0,3,,,
1023.0,1,,,
1027.0,1,,,
1028.0,1,,,
1030.0,4,,,
1031.0,5,,,
1032.0,7,,,
1033.0,6,,,
1034.0,4,,,
1035.0,7,,,
1036.0,2,,,
1037.0,3,,,
1051.0,1,,,
1053.0,1,,,
1054.0,5,,,
1055.0,3,,,
1056.0,9,,,
1057.0,7,1601.485606,17.020105825,0.38602485799999997
1058.0,4,,,
1059.0,12,,,
1060.0,6,,,
1061.0,1,,,
1062.0,11,,,
1063.0,12,,,
1064.0,9,,,
1065.0,4,,,
1066.0,2,20790.14842,595.378762,0.199807679
1067.0,6,290.38382691500004,6.9874130435,0.0130435295
1068.0,6,54610.86055,1628.9908605,0.4091188605
1069.0,2,2221.099541,48.46549272,0.031562969
1070.0,1,,,
1071.0,4,11675.46848,178.5831797,0.036690536
1072.0,8,131185.4081,39.37739915,0.36283921
1073.0,3,161.5887637,18.03802382,0.014136539
1074.0,4,197.3130092685,1.6758846550000002,0.0028506960000000002
1075.0,5,4155.611531666666,106.08991547333335,0.020997155666666666
1076.0,12,712.823874325,2.3407098352499998,0.003642688
1080.0,10,,,
1082.0,2,4354.0768795,5.3394023935,0.0559284895
1086.0,2,202.076296518,2.0177894745,0.12014652099999999
1089.0,7,,,
1093.0,1,,,
1094.0,1,,,
1095.0,3,,,
1097.0,1,,,
1108.0,8,64.59672739,0.882542721,0.032862245
1109.0,9,801.7623064,9.421963388,0.708736757
1110.0,9,352.9578818,8.843032389,0.537361922
1111.0,11,36.099655125,0.292427945,0.029495069999999998
1112.0,7,5695.593639,0.765638553,0.058991393
1113.0,14,,,
1114.0,8,3.105270132,0.117397086,0.006586446
1115.0,14,12.248340018,0.087706421,0.0105935535
1116.0,8,2217.462016,22.1459687,1.137391788
1117.0,6,16.494385902,0.4126968915,0.013759277
1118.0,8,,,
1119.0,6,36.98555114,0.058999009,0.00902863
1120.0,11,35.91194982,0.117217543,0.005154637
1121.0,12,133.49012355,0.526871401,0.043251354500000005
1122.0,10,228.6109018,4.265056729,0.226612606
1123.0,7,9.484803397,0.7687208,0.038694829
1124.0,6,376.3845911,0.47173723,0.060315227
1125.0,15,71.58700609333333,0.3114613233333333,0.01705198466666667
1126.0,6,,,
1127.0,7,21.35551355,0.293111188,0.034329019
1128.0,8,1064.881947,0.2062682185,0.0166365035
1129.0,7,33.58099335,0.470223125,0.013983436
1130.0,9,159.766399025,0.47118914850000004,0.037658403
1131.0,11,130.1541077,1.262216787,0.1059427415
1132.0,14,57.061083235,1.1421112965,0.040670295499999995
1133.0,8,23.61197038,0.409903512,0.03650481
1134.0,7,,,
1135.0,12,,,
1136.0,13,,,
1137.0,11,,,
1138.0,9,0.882457772,0.062081631,0.001778316
1139.0,19,48.17041765733333,2.9365310416666666,0.045209410000000005
1140.0,22,14.56739169,0.31039731,0.005084025
1141.0,39,14782.805494100001,41.1070734243,0.7128192389
1142.0,32,137.10879445428571,6.1102196481428575,0.03797352114285714
1145.0,17,267.329210155,1.33484740825,0.029163409
1146.0,8,3.991143519,0.247652751,0.002251746
1147.0,35,27600.02998,117.60455028,1.6325186649999999
1148.0,31,447.491530262,9.2087592855,0.04854043266666667
1149.0,6,5.238080705,2.8949052149999996,0.011978687666666666
1150.0,7,10.420381684,2.6695477745000002,0.021333728
1151.0,5,528.8847935375,23.90189150575,0.11003763725
1152.0,8,4.6548492055,4.3730642605,0.0148150005
1155.0,5,12.024780269666666,0.9311241723333333,0.027531766000000003
1156.0,3,,,
1157.0,4,,,
1184.0,7,110.33931864499999,0.6634912719999999,0.056172092
1185.0,4,,,
1186.0,4,,,
1187.0,4,,,
1188.0,7,459.72002725000004,1.2360415455,0.075327356
1189.0,6,225.26260704999999,0.996825339,0.081831459
1190.0,5,,,
1191.0,4,,,
1192.0,6,,,
1193.0,11,12.86330658,0.1204621555,0.0133162305
1194.0,7,281.99436045,3.4098954645,0.284366448
1195.0,3,,,
1196.0,8,97.86543291000001,0.3016954445,0.024426357
1197.0,9,620.6080632000001,4.9238765755,0.2328119995
1209.0,3,,,
1227.0,6,,,
1228.0,23,37821.65995625,2839.379601125,2.98387644275
1229.0,19,23214.05279888889,149.09493772888888,0.09595684
1231.0,7,431.2861736,0.979126837,0.092936294
1232.0,14,153.177073524,14.3796819022,0.0468273218
1234.0,6,,,
1235.0,2,389.63691489999997,0.9000889809999999,0.18360040249999998
1236.0,19,44089.057552,523.20198194,0.48201209259999994
1237.0,11,902.86623495,7.3818784875,0.014240351500000002
1241.0,2,77.9878853,0.868723078,0.02392415
1244.0,1,,,
1249.0,6,,,
1250.0,2,68.3589505,0.478192179,0.001828846
1251.0,5,,,
1252.0,3,6.766889283,0.211208139,0.000665595
1253.0,3,,,
1254.0,3,2.076670709,0.127491703,0.000322568
1255.0,7,163.1730878,6.972932976,0.027111393
1256.0,1,,,
1257.0,2,,,
1258.0,4,,,
1259.0,6,,,
1260.0,14,2447.81571,15.1870253,0.054833071
1261.0,8,1656.5771905,7.137542334000001,0.6641540735
1262.0,4,2.669630768,0.21826437,0.001281239
1263.0,3,212.1327129,4.433150845,0.018742692
1264.0,4,,,
1265.0,4,4794.2034099,12.210879631666666,0.09827184966666667
1266.0,1,,,
1267.0,6,,,
1268.0,2,,,
1269.0,17,2656.0122975000004,40.235306025,0.12660726449999998
1270.0,3,1094.374771,5.020524153,0.011164849
1271.0,1,,,
1272.0,1,,,
1273.0,1,,,
1275.0,2,463.103761316,1.0864990395,0.005662811
1278.0,1,,,
1279.0,1,0.090720147,0.062002412,0.000276835
1282.0,1,14.19500843,1.303042196,0.00555785
1285.0,9,103.12356839060001,1.7137489362,0.0578961388
1287.0,7,540.61857321,16.5782480344,1.0158884266
1288.0,11,1349.4869833,16.069566476,0.618319489
1289.0,7,90.13877210333334,0.7851600510000001,0.040246969
1290.0,11,578.13321812,7.698479477000001,0.39589110400000005
1292.0,3,,,
1293.0,1,,,
1294.0,1,,,
1297.0,4,,,
1298.0,7,19.29454022,0.368613828,0.017947067
1299.0,6,,,
1300.0,5,18.4263565,2.003739488,0.017540055
1302.0,3,,,
1303.0,5,,,
1304.0,7,112.5382117,0.184081531,0.002448436
1305.0,1,,,
1306.0,1,,,
1307.0,2,,,
1308.0,6,311.1265859,0.242927366,0.000678275
1309.0,11,410.5713389,4.655550056,0.00657886
1311.0,5,,,
1314.0,1,,,
1316.0,2,,,
1317.0,1,,,
1318.0,2,,,
1319.0,1,,,
1320.0,7,,,
1321.0,6,,,
1323.0,5,,,
1324.0,5,,,
1325.0,2,7559.1268115,332.57383089999996,0.8323575584999999
1326.0,8,,,
1327.0,10,26260.91501,420.7097764,2.2182153285
1328.0,19,,,
1329.0,13,19775.796914225,650.9025208025,0.932849939
1330.0,9,682.9790328500001,8.299729885000001,0.096313054
1331.0,5,183.40582194,2.1977449075,0.0116962535
1332.0,8,82111.67937,434.332146,2.08141145
1333.0,13,715.11292525,0.989571377,0.004087272
1336.0,6,,,
1337.0,8,196.43558016566666,1.1598035013333332,0.030043645999999997
1338.0,6,,,
1339.0,2,,,
1340.0,4,157.5654422,1.058475585,0.045789939
1341.0,5,,,
1342.0,4,96.94370605,4.116014893,0.020905835
1343.0,1,,,
1344.0,2,,,
1345.0,6,87.053546775,1.5078205545,0.009682617
1346.0,6,0.556908642,0.19303961,0.001237838
1347.0,7,,,
1348.0,2,,,
1360.0,4,,,
1361.0,2,,,
1362.0,2,,,
1363.0,4,211.3850579,0.900252915,0.059022896
1364.0,3,1242.9682838,17.55523007,0.367769887
1365.0,2,14826.804039999999,65.17006576,3.3155427945
1366.0,4,71.53092205,0.310422342,0.030315628
1367.0,7,2526.7658140000003,5.556715067,0.1964735635
1368.0,2,2457.026675,5.8050123905,0.1244424475
1369.0,2,6429.924836,27.90064122,2.546077405
1370.0,6,31.25483981,0.124069936,0.009333898
1371.0,3,1900.5975093000002,11.950567700999999,0.29407702550000003
1372.0,3,,,
1373.0,12,3315.10579386,17.621838068,0.3655250552
1374.0,1,,,
1375.0,4,,,
1376.0,2,,,
1377.0,6,252.8846389,9.274343703,0.021805192
1378.0,6,23.19526899,0.241134215,0.002134728
1385.0,3,262.868912979,6.677044562000001,0.114959985
1389.0,2,9.900150449,1.45853931,0.016087801
1390.0,1,381.1091344,10.62662456,0.202316835
1392.0,2,3332.784653,0.729209549,0.766911267
1398.0,2,,,
1399.0,5,,,
1400.0,5,,,
1401.0,5,,,
1402.0,7,,,
1403.0,9,,,
1404.0,3,,,
1405.0,1,,,
1406.0,4,,,
1407.0,4,,,
1409.0,9,,,
1410.0,6,,,
1412.0,12,,,
1413.0,6,,,
1414.0,17,352.65123865,0.2918284115,0.013940542
1415.0,18,8801.550495,19.53564641,0.39189375000000004
1416.0,16,1187.0928843,3.87942424525,0.14617969775
1417.0,6,,,
1420.0,12,483.1741296,1.552777528,0.040121107
1421.0,13,28279.46518,211.053823,4.774313604
1422.0,14,75.58983668,1.313521488,0.014667624
1423.0,8,58.7644851,1.559634869,0.031660765
1424.0,9,,,
1425.0,16,2741.874812,5.625361733,0.142580643
1426.0,16,,,
1427.0,7,346.158418,31.33547999,0.190514102
1428.0,10,,,
1429.0,5,323.491258,1.072410701,0.485403752
1430.0,8,,,
1431.0,7,,,
1432.0,1,24.70689623,0.651663206,16.59574782
1433.0,7,,,
1434.0,10,,,
1435.0,11,,,
1436.0,10,29.45196108,0.660065628,0.012970198
1437.0,10,779.5937804,9.301082438,0.582309458
1438.0,15,112.0563558,1.438502615,0.018470882
1440.0,1,,,
1441.0,1,,,
1443.0,7,,,
1444.0,5,,,
1445.0,1,,,
1446.0,1,,,
1447.0,4,,,
1450.0,6,,,
1451.0,3,,,
1452.0,1,,,
1453.0,4,,,
1455.0,4,,,
1457.0,1,,,
1458.0,1,,,
1459.0,1,,,
1485.0,36,6276.710722,32.67798334,0.011896153
1487.0,95,2341051.9675833336,4477.483954008333,5.753735142083333
1489.0,9,19581.232182,0.6355685923333333,0.04230908766666666
1490.0,9,,,
1491.0,61,299928.8779488696,2116.607087595652,1.2491694829565219
1492.0,13,,,
1493.0,44,31486.095543969153,138.26509377323077,0.2532355723846154
1494.0,41,63291.15686024,273.8729843684,0.1431097775
1495.0,32,130029.58612016666,94.29462380116667,0.2491368975
1498.0,57,217099.24566634666,653.7231546679334,0.21288268486666664
1500.0,13,102254.4566,130.8984353,0.586256672
1501.0,23,5549.291341566666,9.922224376222223,0.04395064033333333
1503.0,10,376.0481707183333,2.7104404396666664,0.016448028166666667
1504.0,45,382288.2003166667,914.3535691833334,0.5875035086666667
1505.0,21,272944.682475,498.9898135025,0.9979496335
1506.0,27,46216.97064666666,227.37190432,0.06647678033333333
1507.0,3,0.194909158,0.054851332,0.00076639
1508.0,27,90387.30189,52.37605543,0.040205963
1509.0,21,3133.1645532300004,9.625036811333333,0.09122655266666667
1511.0,51,1512071.977588889,1244.4928447888888,1.453499163
1512.0,30,8267.589532,62.23802930666667,0.10944780933333333
1513.0,8,6423.481595266666,10.608933871,0.187643721
1514.0,13,1782.526115,2.786825921,0.01375527
1515.0,5,,,
1516.0,32,,,
1518.0,14,452.0767351,6.88940361,0.014056531
1520.0,45,100108.7786525,102.364183035,0.29979377025
1521.0,44,134335.72000200002,113.469796041,0.23751318380000003
1522.0,16,1358.9134659,91.019398485,0.061794322
1523.0,13,237.2556038,1.73522472,0.004642237
1524.0,9,5570.645544,266.04803,0.173113183
1525.0,21,,,
1526.0,6,8.439250792,0.12384161,0.000367863
1528.0,16,2761.745844,18.3536829,0.093451008
1529.0,10,,,
1532.0,16,1120.371982925,22.67167207425,0.037094723
1533.0,10,704.4805538,20.36447354,0.056539534
1535.0,21,288.4549459733333,3.329072729,0.007811650333333333
1537.0,38,7669.329249189599,18.8700798854,0.0261169808
1539.0,3,,,
1540.0,11,,,
1541.0,4,,,
1542.0,3,,,
1543.0,6,,,
1544.0,13,,,
1545.0,6,,,
1546.0,2,,,
1547.0,10,,,
1548.0,10,,,
1549.0,5,,,
1550.0,13,184.09731315,5.616849559,0.003132384
1551.0,15,,,
1552.0,8,,,
1553.0,4,,,
1555.0,11,,,
1556.0,3,,,
1557.0,12,,,
1558.0,10,,,
1559.0,15,1286.5154264166665,84.42166662033334,0.047563607
1560.0,4,,,
1561.0,4,,,
1562.0,7,,,
1563.0,3,,,
1564.0,2,,,
1565.0,2,,,
1566.0,2,,,
1567.0,1,,,
1569.0,9,,,
1570.0,4,,,
1571.0,1,,,
1572.0,3,,,
1573.0,1,,,
1574.0,6,56.36740972,0.099445771,0.001523052
1575.0,5,2268.062274,81.44580201,0.43804144
1576.0,1,,,
1577.0,4,35460.27988,555.3139145,3.319693996
1578.0,5,,,
1579.0,6,,,
1580.0,4,,,
1581.0,3,,,
1582.0,1,,,
1584.0,1,,,
1585.0,1,,,
1587.0,2,,,
1588.0,1,,,
1589.0,1,,,
1590.0,1,,,
1591.0,1,,,
1592.0,1,,,
1593.0,1,,,
1598.0,1,,,
1603.0,1,,,
1604.0,1,,,
1605.0,2,,,
1607.0,1,,,
1608.0,2,,,
1611.0,1,,,
1614.0,2,,,
1615.0,1,,,
1616.0,2,,,
1617.0,3,,,
1618.0,7,,,
1619.0,5,,,
1620.0,11,,,
1621.0,6,,,
1622.0,5,,,
1623.0,9,,,
1624.0,9,,,
1625.0,2,,,
1626.0,1,,,
1627.0,8,,,
1628.0,1,,,
1629.0,3,,,
1630.0,5,,,
1631.0,7,,,
1632.0,5,,,
1633.0,1,,,
1634.0,3,,,
1635.0,12,,,
1636.0,2,,,
1638.0,2,,,
1639.0,3,,,
1640.0,2,,,
1641.0,3,,,
1642.0,2,,,
1643.0,2,,,
1645.0,1,,,
1646.0,2,,,
1652.0,1,38.31800225,1.525062724,0.013183712
1653.0,1,94.53697961,0.938561068,0.009713985
1654.0,2,,,
1655.0,1,26.52139,0.252477463,0.006073987
1656.0,7,,,
1657.0,4,36.1639977,0.196522698,0.001422912
1658.0,3,,,
1660.0,6,,,
1662.0,1,,,
1663.0,1,,,
1664.0,4,144.3606611,0.594721596,0.014289219
1665.0,1,4.449589845,0.047246032,0.000307616
1666.0,1,,,
1667.0,7,,,
1669.0,3,,,
1670.0,12,,,
1671.0,2,,,
1673.0,1,,,
1674.0,5,,,
1675.0,4,,,
1676.0,7,,,
1678.0,4,22.23418949,0.294083555,0.002343261
1679.0,6,241.7283669,0.259591303,0.004077519
1680.0,2,,,
1683.0,5,,,
1686.0,5,,,
1687.0,1,,,
1688.0,1,,,
1689.0,3,,,
1692.0,2,,,
1693.0,1,,,
1695.0,1,,,
1696.0,2,,,
1702.0,1,,,
1704.0,1,,,
1705.0,1,,,
1706.0,1,,,
1709.0,1,,,
1710.0,1,,,
1714.0,3,274099.7772,16137.11513,13.25575271
1715.0,2,13393.81717,5130.082929,1.706356045
1716.0,2,5343.539779,1442.10423944,0.6464347265
1717.0,1,15855.21273,1610.475984,1.36814149
1718.0,1,,,
1719.0,5,22801.75747,4500.575666,1.045247973
1720.0,3,74911.9715445,13073.319876,6.692675985999999
1721.0,4,,,
1725.0,2,9977.904916,5772.171462,4.621990381
1726.0,1,,,
1727.0,4,,,
1728.0,4,,,
1729.0,2,42298.70721,9311.035883,6.01754964
1741.0,1,,,
1742.0,1,13.62161994,0.10895271,0.002324841
1743.0,1,477.2776183,18.27313307,0.148913054
1744.0,1,,,
1745.0,1,,,
1746.0,3,,,
1748.0,5,45.454853225,1.236170697,0.0036940755
1749.0,2,46.63430013,8.540059368,0.018826651
1750.0,5,566.33548935,13.4263876945,0.0457325205
1751.0,1,130.7081635,13.97701253,0.122315446
1753.0,5,,,
1754.0,7,56.4953546,0.320334152,0.0046360415
1755.0,12,2376.749642875,47.22845143875,0.29919640062499997
1756.0,13,4262.564278333333,21.529980616666666,0.14533832066666666
1757.0,8,2.370469371,0.524638977,0.002965272
1758.0,20,2959.8612808222224,105.60391223044445,0.640385405
1759.0,9,93.70283232,1.0521648615,0.005280852
1760.0,5,,,
1761.0,7,3.698909123,0.174261141,0.00148571
1762.0,2,0.711583009,0.201335594,0.001274599
1763.0,9,77.52265735,0.955666985,0.009370181
1764.0,14,3371.9896436579997,42.0268545128,0.1958659824
1765.0,11,105.79983193471428,1.1093749250000002,0.007193469714285714
1766.0,3,,,
1768.0,4,81.752766832,0.619588686,0.017173874500000002
1776.0,2,,,
1779.0,2,1.338968513,0.171749474,0.005755449
1797.0,2,3417.3815419999996,26.28186907,0.6121916625
1799.0,2,2725.809377,2.0962296725,0.1075881695
1803.0,2,,,
1804.0,1,,,
1808.0,1,,,
1809.0,2,,,
1810.0,1,,,
1812.0,1,,,
1815.0,2,,,
1817.0,2,1.8653005215,0.0617843765,0.000799914
1818.0,3,9.6049412665,0.277467139,0.005764190000000001
1819.0,1,,,
1822.0,5,,,
1824.0,6,1467.9681464333332,0.3702544593333334,0.019816415666666667
1834.0,1,28.22168089,0.36596053,0.019481684
1837.0,2,,,
1838.0,2,,,
1842.0,1,,,
1843.0,1,83.73222005,3.676024349,0.148693301
1850.0,3,493.8131126,0.417166721,0.016156781
1866.0,2,,,
1868.0,1,,,
1875.0,1,,,
1876.0,1,,,
1877.0,1,,,
1878.0,1,,,
1886.0,1,,,
1888.0,34,3018.336745104375,13.31614396175,0.0373615805625
1889.0,36,1091.8526253266668,4.8275479186000005,0.017660138133333333
1890.0,42,16238.338864727273,386.94597750636365,1.1590257653181817
1891.0,31,,,
1892.0,13,,,
1893.0,36,,,
1894.0,9,,,
1895.0,14,,,
1896.0,9,,,
1897.0,36,239.06499965,4.491413614,0.012457157
1898.0,20,1367.055065,10.02298092,0.048106359
1899.0,5,,,
1900.0,6,,,
1901.0,23,285.66399574999997,2.8222021383333336,0.0038168516666666663
1902.0,15,,,
1903.0,13,1096.548235,2.045538894,0.02576135
1904.0,39,,,
1910.0,2,,,
1914.0,2,,,
1916.0,2,,,
1924.0,2,,,
1926.0,17,5612.527817499999,1.4540079483333332,0.5909526503333334
1927.0,27,318.22743478533334,11.539191091333334,0.006491273333333333
1928.0,15,758.87122842,315.06105442,0.2580284146
1929.0,11,,,
1930.0,26,9857.972616705001,125.2606533435,0.13809287666666667
1931.0,29,20828.092209417777,430.87046383800003,0.5414340501111111
1932.0,23,13309.68487721,187.53343857733333,0.3030096058888889
1933.0,22,2105.280200421778,60.739275844,0.08550175444444444
1934.0,20,717.6069181642857,32.31754023242858,0.0064836972857142865
2004.0,6,,,
2005.0,10,,,
2006.0,8,,,
2007.0,3,,,
2008.0,13,,,
2009.0,7,,,
2010.0,7,,,
2011.0,7,,,
2012.0,7,,,
2013.0,4,,,
2014.0,9,,,
2015.0,5,,,
2016.0,11,,,
2024.0,2,,,
2029.0,2,,,
2032.0,8,,,
2033.0,7,,,
2034.0,1,,,
2035.0,1,,,
2036.0,3,,,
2037.0,4,,,
2039.0,4,,,
2040.0,2,,,
2041.0,7,8696.792654,65.08705867,0.085728965
2042.0,6,,,
2043.0,5,,,
2044.0,4,,,
2046.0,2,,,
2047.0,11,,,
2048.0,2,,,
2049.0,1,,,
2050.0,1,,,
2051.0,1,,,
2052.0,5,,,
2053.0,3,,,
2054.0,8,,,
2055.0,9,,,
2057.0,13,,,
2059.0,3,,,
2062.0,2,,,
2063.0,1,,,
2064.0,2,,,
2066.0,1,,,
2067.0,3,,,
2068.0,1,3.84505522,0.043145089,0.002682461
2069.0,2,,,
2071.0,1,,,
2072.0,1,,,
2073.0,2,,,
2075.0,7,14.652442,20.235103324999997,0.036599657499999994
2076.0,3,,,
2077.0,2,,,
2078.0,5,1.9061508985,3.4595990745,0.007087716500000001
2079.0,4,0.5715317344999999,0.08045578,0.0024646464999999998
2081.0,6,,,
2082.0,3,,,
2083.0,1,,,
2084.0,1,,,
2085.0,7,,,
2086.0,3,,,
2087.0,1,,,
2088.0,6,22.319656845,40.89474793,0.0404286965
2089.0,8,,,
2090.0,6,799.15560035,4.7953767005,0.570292478
2091.0,3,,,
2092.0,10,2.9763852505,1.666949571,0.004013468
2093.0,5,,,
2094.0,12,,,
2095.0,14,518.4105304154999,0.5834525935,0.012319671
2096.0,4,,,
2097.0,3,,,
2107.0,8,37.01842097,1.202079857,0.00199973
2109.0,4,,,
2112.0,18,4234.564384188333,114.29327192266665,0.14656647016666666
2113.0,21,27095.189493911115,349.2137807777778,0.46261350611111113
2114.0,23,3418.676448625,100.7829486525,0.14653024512499999
2115.0,24,512.1361464166666,23.808301539583336,0.03810486391666667
2118.0,29,4571.200161671429,53.17163373592857,0.06797440428571429
2119.0,6,778.4339565,53.705175,0.043975836
2120.0,34,12799.046100733334,291.07706869733335,0.42806901513333334
2121.0,25,7365.5858072,399.733614223,0.3966600413
2122.0,24,9561.442331777778,158.69427486666666,0.15365779411111113
2123.0,12,33201.1142,381.5037551,1.114495052
2125.0,3,,,
2126.0,17,107080.00883016801,602.4476255284001,1.8005218857999998
2127.0,13,13823.442987026667,240.86024315433335,0.27163268183333333
2128.0,17,6347.8196349,45.515906537999996,0.14968269066666667
2130.0,14,104221.6004425,720.26060225,1.6115290822500001
2131.0,17,143261.80863644002,566.7216020876,1.484375131
2132.0,17,8578.874668663333,40.70632994166667,0.3768112983333333
2133.0,14,114648.29564959499,1003.06343086225,1.0675207897499999
2135.0,10,313.5856855,3.940335258,0.0095925015
2136.0,11,15317.345945533334,77.74754917183334,0.8061003033333334
2137.0,25,3141.9423583133334,768.9295607423333,5.3053705713333335
2139.0,2,,,
2140.0,1,,,
2141.0,9,,,
2142.0,2,0.386725037,1.547861141,0.004175048
2143.0,2,,,
2144.0,11,792.3572992,13.68177674,0.127289775
2146.0,11,506.17605378999997,20.727625932333336,0.07787519833333333
2147.0,13,101.763192521,51.972511768333334,0.6006903846666666
2148.0,7,,,
2152.0,40,14921.659334862816,9.77358528109091,0.03561582581818182
2153.0,35,8782.453637523333,27.221189968666668,0.09624166991666666
2154.0,31,2230.9888585209997,1.0838193657272728,0.005498213818181818
2155.0,36,313.01634307144445,5.58024056,0.013104866333333333
2156.0,37,2009.6864994964444,8.079181119222222,0.027463490666666666
2163.0,1,,,
2169.0,1,,,
2171.0,7,,,
2172.0,3,,,
2173.0,2,,,
2175.0,2,,,
2176.0,2,,,
2178.0,4,,,
2179.0,1,,,
2180.0,2,,,
2181.0,1,,,
2182.0,3,,,
2183.0,3,,,
2184.0,2,,,
2185.0,10,,,
2186.0,7,,,
2187.0,2,,,
2188.0,5,,,
2189.0,12,,,
2190.0,3,,,
2191.0,6,,,
2192.0,11,,,
2193.0,7,,,
2194.0,9,,,
2195.0,7,,,
2196.0,15,,,
2197.0,5,,,
2198.0,3,,,
2199.0,6,,,
2200.0,1,,,
2201.0,7,,,
2202.0,47,12.576453086125,4.62487849125,0.000742967
2203.0,29,379.66687575714286,8.431708619428571,0.005778625714285715
2204.0,39,753.119298204,8.6599373952,0.027330805199999995
2205.0,59,,,
2206.0,32,698.1891534333332,0.22137446633333335,0.08942882466666667
2207.0,54,441.3341508164706,9.11204009982353,0.00858718294117647
2208.0,51,1313.2966018751665,6.4000981454999994,0.0070479205
2209.0,49,1003.8823520266,7.053738990800001,0.0048331725999999995
2211.0,19,22952.66987736667,124.36061291566666,0.36159871
2212.0,6,,,
2213.0,14,,,
2215.0,12,,,
2216.0,13,22089.138170000002,243.36838223333334,0.3399177153333333
2217.0,10,,,
2218.0,8,,,
2219.0,8,,,
2221.0,5,,,
2222.0,5,,,
2223.0,30,13219.79203,54.99741997,0.2291454
2224.0,8,,,
2225.0,16,,,
2226.0,13,,,
2227.0,25,,,
2228.0,9,,,
2229.0,7,,,
2230.0,23,,,
2231.0,19,,,
2232.0,6,706.5104641,3.511831363,0.021820196
2234.0,1,,,
2235.0,4,,,
2239.0,14,,,
2240.0,16,,,
2244.0,1,,,
2246.0,1,,,
2254.0,1,,,
2255.0,1,,,
2261.0,1,,,
2263.0,1,,,
2264.0,2,,,
2265.0,3,27.08758951,0.283799602,0.002320025
2266.0,3,,,
2268.0,1,,,
2269.0,1,1.399209799,0.055652417,0.003548677
2270.0,4,22.07891343,0.284911677,0.006633403
2272.0,53,89546.4294374,616.3155591478333,0.177898242
2273.0,38,1081.61134162,16.1725973808,0.059341591400000004
2274.0,2,,,
2275.0,65,88254.81374458462,253.53710381661537,0.3426140126153846
2276.0,56,763509.2301090908,1634.6950990636362,0.7966630841818181
2277.0,55,2328345.5370041667,5947.626591333334,4.4173634195
2282.0,5,,,
2283.0,16,69.72580898,0.36756925,0.007866063
2284.0,4,,,
2286.0,2,1.389564447,0.184421206,0.007929143
2287.0,5,26.77545490925,0.8924647947500001,0.0236300835
2288.0,14,9362.112123,44.69546870666667,0.37908417533333333
2290.0,3,265.5882479,5.446794121,0.020053815
2291.0,2,,,
2292.0,1,,,
2293.0,1,,,
2296.0,3,101.33580699333334,19.253319022333333,0.062738711
2297.0,1,,,
2299.0,1,,,
2300.0,3,82.171267225,1.5730300245,0.004422466
2301.0,2,363.6817854,0.367467768,0.224605285
2303.0,1,,,
2304.0,2,,,
2305.0,1,,,
2306.0,1,,,
2307.0,1,4.126252021,0.371990047,0.001108619
2309.0,4,,,
2311.0,11,25.113421997714283,78.76633509142857,0.1005775457142857
2312.0,11,1882.43232256,76.201469146,0.5406253912000001
2313.0,5,2.965771597,0.571904809,0.004515015
2314.0,2,23.47323225,69.94274781,0.078977984
2315.0,2,,,
2317.0,2,,,
2318.0,21,35208.037490111106,61.47718259133333,2.4113501956666665
2319.0,15,1106.1396779699999,43.8363565221,0.23351239550000003
2321.0,2,,,
2322.0,6,,,
2323.0,16,6974.344622625,606.8244423125,7.20083718325
2324.0,18,8228.22218811111,866.2376900666667,7.611658959444444
2325.0,2,,,
2326.0,12,1677.7730168900002,297.299259548,0.40746589660000004
2327.0,14,4120.1368054375,413.76753288124996,1.9809731457500002
2328.0,12,26.366396434333335,4.303006407833333,0.010999862666666667
2329.0,19,309.05406654057145,5.259543154142857,0.014666972285714284
2330.0,23,29.832555958833336,1.8609867313333333,0.008819111166666666
2331.0,35,213.76555603076923,63.16453444807693,0.09987276192307691
2332.0,17,154.73824012999998,27.8344291973,0.0639048188
2333.0,17,122.18961301,9.670362505666667,0.029401103
2334.0,5,,,
2335.0,35,139.6772376307692,5.889439469692308,0.00815225376923077
2336.0,31,17.52532495053846,2.5163904386923077,0.011395356076923076
2337.0,28,42.6333485319,3.6033400120000003,0.009717249399999999
2338.0,17,134.25960173533335,1.5522859556666668,0.007351425833333334
2339.0,28,635.0595017061333,59.48514121293333,0.13328557793333334
2340.0,18,379.82931046666664,4.995732812,0.019785401666666667
2341.0,17,1470.5662446316667,77.81839832183333,0.5462071116666667
2342.0,25,543.6534133749999,3.9039004777,0.0111553732
2343.0,22,4639.7844686,814.1656048799999,0.2167921294
2344.0,20,31.601015196,16.818595645625,0.02002178225
2345.0,14,101.32729012333333,46.31599258166667,0.29416319183333334
2346.0,17,263.1763880918333,12.052026214333333,0.050278148
2347.0,18,2529.2256399166668,286.2026338983333,0.797643302
2348.0,29,10883.166108133333,345.40739384399996,0.48325964520000003
2349.0,23,73.83310769958332,2.65080262075,0.005262826416666667
2350.0,15,26.175571789166668,12.915158225333334,0.08070631399999999
2351.0,14,1683.3402666525,5.035050613,0.10843516325
2352.0,21,4504.53668722,228.853002041,0.2180465899
2354.0,7,,,
2355.0,6,,,
2356.0,8,,,
2357.0,8,7582.230612,31.48345802,0.118700519
2361.0,19,3988.7994063333335,4.447087778333334,0.025537722333333335
2362.0,22,9725.2824635,15.13775326,0.075289506
2363.0,12,,,
2364.0,23,2361.2891876,3.628356323666667,0.017290036666666668
2368.0,29,1711.2683026500001,3.8297171165,0.020439583499999997
2370.0,5,,,
2371.0,1,,,
2372.0,1,,,
2375.0,11,,,
2376.0,3,,,
2377.0,4,,,
2378.0,8,,,
2380.0,3,,,
2381.0,6,,,
2382.0,3,,,
2383.0,4,,,
2386.0,1,,,
2393.0,3,,,
2394.0,1,,,
2406.0,1,,,
2410.0,1,,,
2412.0,1,,,
2414.0,1,,,
2415.0,1,,,
2416.0,1,,,
2417.0,1,,,
2418.0,3,,,
2419.0,3,,,
2420.0,1,,,
2421.0,5,,,
2422.0,1,,,
2431.0,2,,,
2432.0,5,,,
2433.0,5,,,
2434.0,3,,,
2435.0,5,4.0108685165,0.0497009255,0.0006185695
2436.0,1,,,
2437.0,5,34.64152328,0.443313725,0.002337863
2439.0,10,,,
2440.0,4,,,
2441.0,4,,,
2442.0,2,,,
2443.0,10,,,
2446.0,13,,,
2447.0,10,,,
2448.0,5,262.4679157,2.146268407,0.032428296
2449.0,22,2261.274613,23.127216533333335,0.34637544066666665
2450.0,9,,,
2451.0,13,,,
2452.0,13,766.6299607000001,13.442375461666666,0.28187569166666665
2453.0,12,624.5390199,7.219463457,0.147592024
2454.0,12,149.2542044,1.644662444,0.031469717
2455.0,8,17330.44899,2.392308444,0.170493883
2456.0,10,59.06178735,1.747741888,0.028988189
2457.0,10,47.67443886,4.933578534,0.102181141
2458.0,11,,,
2459.0,7,,,
2460.0,11,3187.653687,26.05229589,0.368962549
2461.0,9,1.666045274,0.086646476,0.002529935
2462.0,7,256.78546105,2.0265686554999998,0.051510666999999996
2463.0,11,,,
2464.0,13,2339.689482,10.94597002,0.239464485
2465.0,8,1209.778751,7.514154411,0.190129635
2466.0,10,534.7397969,2.902291058,0.051409823
2467.0,13,113.3357681,2.853282766,0.043831274
2468.0,11,,,
2469.0,12,364.6146562,5.695986224,0.119313685
2470.0,15,1027.6699812666666,12.832937800333333,0.23082277866666667
2471.0,12,42.755596725000004,0.376073639,0.006042809
2472.0,9,,,
2473.0,14,135.9779482,3.1012791,0.047066136
2474.0,12,269.52049554999996,3.258769073,0.055182139
2475.0,10,,,
2476.0,7,25.08825676,0.438067401,0.009635101
2477.0,7,,,
2478.0,7,,,
2479.0,8,108.3518139,2.858266826,0.055652973
2480.0,15,,,
2481.0,10,85.04389791,2.107679612,0.034837706
2482.0,10,,,
2483.0,10,1231.213098,55.30458772,0.654173063
2484.0,12,1031.6926576333333,15.084529343666667,0.2751477216666667
2485.0,5,,,
2486.0,15,207.5160077,2.374803358,0.050110096
2487.0,6,,,
2488.0,1,,,
2489.0,7,,,
2490.0,9,,,
2491.0,5,,,
2493.0,1,,,
2494.0,1,,,
2495.0,1,,,
2496.0,2,,,
2497.0,2,,,
2498.0,6,,,
2499.0,3,,,
2500.0,1,,,
2503.0,5,,,
2505.0,3,,,
2506.0,5,70419.29573,4003.174961,0.532409781
2508.0,3,,,
2510.0,1,,,
2513.0,3,,,
2515.0,3,,,
2516.0,4,,,
2517.0,5,,,
2522.0,1,,,
2524.0,19,12510.321264,267.7906877,0.356111006
2525.0,4,40533.19686,2333.523472,0.325138189
2526.0,1,18736.41839,2488.762535,3.461691913
2527.0,1,,,
2529.0,1,,,
2533.0,2,,,
2534.0,1,,,
2535.0,4,,,
2540.0,2,,,
2541.0,1,,,
2542.0,2,,,
2543.0,1,249983.5422,10835.13934,8.694918236
2544.0,1,,,
2547.0,6,,,
2549.0,1,,,
2550.0,1,,,
2551.0,4,,,
2552.0,3,,,
2556.0,4,,,
2558.0,4,,,
2559.0,1,,,
2563.0,3,,,
2565.0,2,,,
2566.0,3,7091.1923,919.0800907,0.575304659
2567.0,7,,,
2570.0,1,,,
2572.0,6,,,
2573.0,1,,,
2577.0,4,,,
2608.0,1,,,
2610.0,1,,,
2612.0,1,,,
2614.0,1,,,
2615.0,1,,,
2618.0,1,,,
2621.0,1,,,
2622.0,8,,,
2623.0,4,,,
2624.0,1,,,
2625.0,2,,,
2626.0,1,,,
2627.0,7,,,
2628.0,6,2841.327291,272.5999524,0.188915174
2629.0,15,263.0781087,16.84488401,0.012194687
2630.0,4,,,
2631.0,1,,,
2633.0,3,,,
2634.0,4,,,
2636.0,12,2861.829176,0.420323913,0.076783124
2644.0,9,355.52771982999997,1.4150785725,0.0212995455
2654.0,1,,,
2655.0,6,706.2319186499999,5.75113812475,0.01602287975
2656.0,5,143.43679017433334,2.2173052876666666,0.011021151333333333
2657.0,10,3304.3845745,0.3377856505,0.0494942655
2667.0,7,,,
2668.0,6,,,
2669.0,5,,,
2670.0,3,,,
2671.0,7,,,
2672.0,3,,,
2673.0,2,,,
2674.0,3,,,
2675.0,3,,,
2676.0,2,,,
2677.0,2,,,
2678.0,3,,,
2679.0,1,,,
2680.0,1,,,
2681.0,3,,,
2682.0,3,,,
2683.0,2,,,
2684.0,3,,,
2685.0,2,7.34647164,0.12958568,0.015001877
2686.0,2,,,
2687.0,12,,,
2688.0,12,30.686831674,3.166605696,0.019968318000000002
2689.0,14,180.41481245466665,12.381959561999999,0.047984112999999995
2690.0,8,42.02514519,26.003482238,0.03814290375
2691.0,18,310.93649204625,13.641532247125001,0.03104940175
2692.0,12,4811.085403,0.992748838,0.465443645
2693.0,8,14.0661708475,1.45540505325,0.002973691
2694.0,21,467.70909834183334,39.833130652,0.08841515966666667
2695.0,27,1441.4821293738887,89.25491073622223,0.2621756662222222
2696.0,24,1322.7025593,66.45055735333334,0.13861024311111111
2697.0,17,1136.25217265,16.534527200124998,0.064413462
2698.0,25,964.6656167733332,44.22655710377777,0.23555531677777777
2699.0,39,7683.55753431875,108.38808696275,0.581915267
2700.0,13,29.479545390857144,4.896778725714285,0.008386198
2701.0,9,3.3939834775,0.64591149675,0.0023470005
2702.0,6,4.158401689,0.610168084,0.001132687
2703.0,6,,,
2704.0,12,10.55633682875,0.56616873125,0.00165586975
2705.0,14,15.144952274400003,1.2944869512000001,0.0045871752
2707.0,5,2.181783134,6.805811161,0.005239341
2708.0,14,,,
2714.0,12,1978.1057562666667,58.298497026999996,0.044913985
2716.0,14,11861.17102625,68.6805131875,0.07872299
2717.0,8,128.7480292,4.625225757,0.009679509
2718.0,3,,,
2719.0,6,1345.6935753,6.525973990500001,0.130333842
2720.0,5,,,
2721.0,2,,,
2722.0,1,,,
2723.0,8,807.8425382040001,33.606362438,0.042294327
2724.0,13,698.0977249499999,5.7420375085,0.01791185125
2726.0,11,155627.7126,100.8627797,0.4322437245
2727.0,1,,,
2728.0,2,,,
2729.0,2,,,
2731.0,7,997.71802305,7.057974224500001,0.062169179
2732.0,3,,,
2733.0,3,,,
2736.0,26,244.58832546,2.3383970425,0.0408430225
2737.0,26,28444.90267,117.3234237,1.193943263
2738.0,11,,,
2739.0,26,262.2061871,0.553336625,0.006863117
2740.0,28,123.7017511,2.635502164,0.029191393
2741.0,32,254.6325123,1.665691635,0.033628018
2742.0,30,1328.60616555,5.122433840499999,0.0923004875
2743.0,17,1878.268894,46.05340221,0.534048897
2744.0,35,,,
2745.0,34,8355.269178043332,47.547982425133334,0.1997881655333333
2746.0,16,2333.9211597333333,119.51321886122221,0.2789593231111111
2747.0,28,25041.258244594737,745.2099594094736,2.0344474061578945
2748.0,14,587.6134326344445,20.401291553666667,0.046259700333333334
2749.0,21,2964.709833561818,56.49655881145455,0.1496911081818182
2750.0,4,1359.2430213333334,65.08838418333333,0.09198645166666668
2751.0,29,11624.94181138,616.5885594875,0.5097648825000001
2753.0,38,42705.41646262353,61.36372400611764,0.28115652876470587
2754.0,32,5634.502390632941,148.34902746041175,0.4887986186470588
2755.0,21,2851.4588520999996,350.34927286000004,0.0964247843
2757.0,19,8.22959737511111,0.526428405,0.00016631922222222224
2761.0,31,848.8154294092858,62.190613174000006,0.04844726635714286
2762.0,37,5435.775786401538,97.40420201492307,0.24279815646153846
2764.0,26,87.278688686,2.9016426035,0.002101861375
2765.0,29,11499.456325466666,318.6399032387619,0.8418323651428572
2766.0,6,204.297313275,15.826567889,0.0176425125
2768.0,18,114.36114894018183,11.018407051727273,0.014051014545454545
2769.0,29,1.8994346545000003,0.21203547566666667,0.00038165566666666665
2770.0,37,9840.314897834616,283.7364707028462,0.6943732342307692
2771.0,7,55.73939636833333,54.94639573,0.749864122
2772.0,2,263.68574225,15.221510595000002,0.637463003
2773.0,6,68.74012313833333,21.029333643333334,0.5852136086666667
2774.0,6,6.524864458333333,6.526096144,0.1398541765
2775.0,6,436.5684417833333,29.487387191666667,0.5800428686666667
2776.0,7,101.7645446928,3.6082921073999996,0.0665278282
2777.0,2,1360.6012234999998,2.130688885,1.2833315535
2778.0,6,8.403917211666666,3.9009733006666667,0.10299343866666666
2779.0,8,4.349915389,6.540772421833334,0.005827558333333333
2780.0,2,122.6688622,0.432273874,0.101588594
2782.0,3,,,
2783.0,3,,,
2784.0,2,,,
2785.0,2,,,
2787.0,1,,,
2788.0,1,,,
2810.0,1,,,
2811.0,1,,,
2812.0,2,,,
2816.0,1,,,
2818.0,2,,,
2821.0,1,,,
2824.0,2,,,
2827.0,1,,,
2828.0,3,,,
2829.0,2,,,
2832.0,1,,,
2834.0,2,,,
2841.0,3,,,
2843.0,5,1786.775489,9.317799904,0.170141975
2847.0,9,15.3193887576,11.7538594094,0.018787444
2848.0,21,2250.4960760000004,16.7894765928,0.0733821602
2849.0,16,18364.3640944,165.05290989999997,0.6256283727999999
2850.0,18,1698.24753436,8.4424661782,0.0279737314
2851.0,2,,,
2852.0,24,1092.00520815,4.236221553,0.4414824395
2853.0,3,7347.175759,2.172694353,0.138754315
2854.0,5,8.099742063,0.05984221,0.000592272
2855.0,15,,,
2856.0,26,3371.751639,20.76997834,0.8489541039999999
2857.0,16,11850.1693653,105.76707864925,0.833316947
2858.0,14,,,
2859.0,25,1356.5822083475,41.271024022,0.18598743675
2860.0,24,1072.8652271666667,9.304370541666666,0.08059988966666666
2861.0,9,3875.948702,11.41687134,0.25333388
2862.0,26,87.26366028999999,0.946093741,0.016103908
2863.0,22,16164.298586375002,111.0667708295,1.605108876
2864.0,19,2454.144412,25.68416021,0.297683549
2865.0,2,,,
2866.0,22,34557.922155939996,177.5291671642,1.6719619695999999
2867.0,11,,,
2868.0,18,19.0620851,0.708176004,0.005651328
2869.0,11,370.125834,6.799731197,0.151133303
2870.0,8,38.5028761325,1.3885970525,0.0130778905
2871.0,24,9273.010136500001,91.65905967500001,1.4583877835
2872.0,16,0.707687907,0.058933498,0.00045811
2873.0,15,5812.6094917539995,41.5641741265,0.7441454519999999
2874.0,4,,,
2875.0,22,3126.0135259000003,26.0487981995,1.205827918
2876.0,11,,,
2877.0,7,5862.19673925,66.127819665,1.204068281
2878.0,12,14363.172363,121.15424482666667,0.587735817
2879.0,25,102423.40742333334,762.1539144,8.031465085333332
2880.0,41,2988.623094593333,14.866483317666669,0.15076716766666667
2881.0,13,,,
2882.0,34,226.65485869999998,0.8022688403333333,0.017998721
2883.0,6,8399.306506,80.70121434,1.971238192
2884.0,3,58129.31893,352.6767603,4.811919798
2885.0,17,,,
2886.0,20,2563.3080244000002,1.445964183,0.09687412449999999
2887.0,25,142.452580815,0.554970465,0.0280272125
2888.0,20,14490.828206700002,81.24050707433334,1.6791399296666667
2889.0,12,,,
2890.0,32,2075.9208624666667,10.766692075666668,0.28224941233333334
2891.0,13,2078.247585,29.44495137,0.478942357
2892.0,26,6716.936627596,78.81266204139999,0.634970477
2893.0,7,,,
2894.0,29,72985.31227333333,550.4481784333334,12.838482365666666
2895.0,20,94944.56392,743.1802333,7.033851386
2896.0,31,22135.978844999998,80.73577599500001,3.1579584809999997
2897.0,22,,,
2898.0,3,271.0389543,0.122970969,0.022738842
2899.0,7,,,
2900.0,10,81.28042544,0.305963431,0.00913708
2901.0,1,,,
2902.0,6,2171.13224795,17.544699966,0.4766364225
2903.0,17,34886.18092525,249.8716787375,3.18955018825
2904.0,5,,,
2905.0,14,8029.69576725,75.5345523925,0.79675876975
2906.0,8,29768.10708,12.85698184,1.348888645
2907.0,9,,,
2908.0,3,,,
2909.0,15,,,
2910.0,17,,,
2911.0,15,29269.2323241,200.718891159,2.2591894545
2912.0,19,977.18512955,6.594583087,0.796887939
2913.0,32,2578.305163,7.81933086,0.100811501
2914.0,25,36932.035978500004,262.385812035,3.9519418675
2915.0,13,,,
2916.0,30,22.11128892,0.61286622,0.004583693
2917.0,15,15141.080974933335,145.163003621,1.6492465183333334
2918.0,26,311.07671439999996,21.180378164333334,0.12269375233333335
2919.0,2,,,
2920.0,28,,,
2921.0,24,32426.927573144,166.0994525202,1.0718815908
2922.0,10,1197.68312535,10.470194805,0.0949196575
2923.0,19,4191.857691233333,26.836815509999997,0.401684835
2924.0,20,6225.064627,82.49110746,1.036656992
2925.0,27,21.3127677325,0.154228123,0.003428863
2926.0,9,5715.566089100001,49.436658906,1.2102376
2928.0,2,,,
2933.0,1,,,
2934.0,2,,,
2936.0,2,,,
2937.0,5,,,
2941.0,6,,,
2943.0,4,,,
2944.0,2,,,
2945.0,2,,,
2946.0,2,,,
2947.0,2,,,
2948.0,6,,,
2949.0,4,,,
2950.0,2,,,
2951.0,6,,,
2952.0,4,,,
2953.0,3,,,
2954.0,2,,,
2955.0,1,,,
2958.0,3,38.570105515,1.1951312295,0.148827663
2959.0,3,182.91033964000002,1.074675885,0.07156589
2960.0,2,28.91279401,0.5827639055,0.0423797605
2961.0,5,221.1156375,3.001974688,0.2498132355
2962.0,1,,,
2963.0,2,,,
2964.0,1,,,
2966.0,3,72.147362185,1.196973819,0.0673013545
2967.0,3,82.902536575,2.8197544785,0.2134390175
2969.0,3,176.024997,4.508069616999999,0.240741023
2970.0,5,7.18516023,0.122721887,0.000924568
2971.0,7,592.6341730500001,11.8369233705,0.103333354
2972.0,15,4874.265358083333,2.885228263166667,0.04654257466666667
2973.0,9,2826.651399427143,51.42434758485714,0.29940460357142856
2974.0,11,5100.85048893,84.26659816899999,0.9726679755714286
2979.0,1,,,
2985.0,1,,,
2988.0,1,,,
2991.0,3,,,
2993.0,2,,,
2995.0,2,,,
2996.0,3,,,
2997.0,1,,,
2998.0,2,,,
2999.0,3,,,
3000.0,3,,,
3001.0,4,,,
3003.0,3,,,
3004.0,2,,,
3005.0,3,,,
3006.0,3,,,
3008.0,1,,,
3009.0,2,,,
3010.0,3,,,
3011.0,1,,,
3012.0,1,,,
3014.0,2,4390.828985,208.5361635,3.611042124
3015.0,4,,,
3016.0,1,,,
3017.0,1,,,
3018.0,1,,,
3020.0,3,,,
3023.0,2,482.8990353,38.8906427,0.15397978
3024.0,5,,,
3025.0,1,,,
3026.0,2,,,
3029.0,2,,,
3030.0,3,,,
3034.0,4,,,
3035.0,2,,,
3037.0,1,,,
3040.0,1,,,
3042.0,2,,,
3043.0,3,,,
3045.0,1,8.689804716,1.385600155,0.011871543
3046.0,1,,,
3048.0,2,,,
3051.0,2,,,
3053.0,2,,,
3056.0,5,,,
3061.0,2,,,
3062.0,1,,,
3066.0,2,,,
3069.0,2,,,
3075.0,3,,,
3078.0,1,,,
3080.0,4,,,
3081.0,1,,,
3082.0,2,,,
3083.0,4,,,
3085.0,2,,,
3086.0,2,,,
3088.0,2,,,
3089.0,1,,,
3090.0,4,,,
3093.0,2,,,
3095.0,1,748.0149524,16.11913815,0.11650559
3096.0,1,,,
3104.0,7,893.6323471000001,14.59646867,0.4723231335
3110.0,4,1054.2475625,1.1175451454999998,0.1389152965
3112.0,2,832.3238977999999,5.523676222000001,0.0965913025
3114.0,2,2291.712778,1.427943565,0.1962926475
3115.0,9,107.7415756,0.310354697,0.017809483
3117.0,2,529.6910014,3.694027505,0.040694760999999996
3121.0,18,765.5551255966667,11.692939055000002,0.3475676566666667
3123.0,3,371.26616855,1.3656819295,0.0311656925
3125.0,6,91.93256088000001,0.2482895575,0.036983738499999995
3136.0,7,1973.596105,30.2439197,1.652946426
3141.0,2,34.71335496,0.124157922,0.006049511
3145.0,2,,,
3148.0,1,,,
3149.0,1,,,
3150.0,6,,,
3151.0,1,,,
3153.0,6,,,
3155.0,1,,,
3156.0,1,,,
3158.0,1,,,
3159.0,1,,,
3160.0,4,,,
3162.0,1,,,
3163.0,5,,,
3164.0,1,,,
3165.0,2,,,
3167.0,2,,,
3168.0,2,,,
3169.0,2,,,
3170.0,2,,,
3171.0,1,,,
3172.0,2,,,
3173.0,2,144.1572562,4.191433523,0.007030928
3177.0,2,99.94504848,0.168582275,0.004151198
3180.0,2,,,
3182.0,23,,,
3183.0,4,,,
3184.0,9,482703.1605,3388.94465825,4.30161075
3186.0,12,235734.47335,383.30584254999997,1.8313252935
3214.0,7,,,
3215.0,2,,,
3216.0,6,,,
3217.0,22,2180.3675205,76.200524515,0.055325335
3218.0,14,,,
3219.0,7,2787.97897,83.34420912,0.030913781
3220.0,5,2895.73009515,7.124309986,0.055363216
3221.0,2,,,
3222.0,1,,,
3223.0,6,32623.812495,611.6989963,0.41194097900000004
3224.0,5,,,
3225.0,6,,,
3226.0,2,,,
3227.0,20,2720.586729,28.75063123,0.019703586
3228.0,12,,,
3229.0,13,572.178997,69.06361557,0.047386463
3230.0,12,,,
3231.0,18,343.5638412,3.246897697,0.003102456
3232.0,9,2915.533597,1436.806383,1.216173216
3233.0,3,,,
3234.0,6,,,
3235.0,4,5473.357149,8.781982898,0.041883458
3236.0,8,1819.776244,17.20920492,0.011416237
3237.0,14,5469.6431096999995,1359.492671693333,0.6225533313333335
3238.0,16,279.2359777,37.94492892,0.030716971
3239.0,23,234.6427954,18.95015625,0.010496362
3240.0,3,,,
3241.0,7,289.6564184,48.843266310000004,0.0243815265
3242.0,6,,,
3243.0,4,147.5856112,1.887415573,0.007850889
3244.0,11,16581.5642486,110.288691988,0.5682378226666667
3245.0,4,1613.557962,179.1766497,0.056885143
3246.0,8,59549.67246166667,42.737195633333336,0.03397739566666667
3247.0,5,,,
3248.0,11,1898.3021015,2310.249798,1.2635160825
3249.0,19,,,
3250.0,19,1015.5759542999999,86.69611624500001,0.0478884625
3251.0,5,274.7798077,130.5441797,0.051979131
3252.0,12,1471.987839,3.587444755,0.003057984
3253.0,2,,,
3254.0,2,,,
3255.0,5,703.6651523,394.0181965,0.197276428
3256.0,16,1801.938014,31.6496782,0.028995633
3257.0,32,13243.27813,769.2741330333333,0.11213070133333332
3258.0,5,,,
3259.0,3,119.2265604,2.306707585,0.009327032
3260.0,7,,,
3261.0,6,31.70374955,18.32834202,0.010474309
3262.0,4,,,
3263.0,14,512.6042639,37.68106674,0.025930799
3264.0,2,204.825859,42.75023456,0.016875073
3265.0,13,605.2336874,86.3531838,0.740276596
3266.0,8,1726.637158,81.07774412,1.727353225
3267.0,9,83.1990012555,63.995277805,0.467048005
3268.0,7,330.4012258,4.834144817,0.074743838
3269.0,14,1837.643031,211.9734751,1.7361212565000002
3270.0,3,,,
3271.0,11,36.53862995,37.01356595,0.356341602
3272.0,4,,,
3273.0,1,,,
3274.0,7,,,
3275.0,13,897.2241178333334,49.50174724666667,0.351296289
3276.0,8,,,
3277.0,8,33.168443153,68.5334885095,0.7792700155000001
3278.0,7,201.54801145,571.31042755,5.150153438
3279.0,13,243.70785015,25.060353305,0.17728443
3280.0,6,1633.12585,93.14114471,1.783871025
3281.0,9,704.3541125,47.95542291,0.531582599
3282.0,8,60.10972691,132.3715136,0.827593345
3283.0,9,80.128806715,235.34946885,2.3881210925
3292.0,1,,,
3294.0,1,,,
3296.0,1,,,
3300.0,1,,,
3302.0,5,507.4951457,165.0134943,0.08977726
3303.0,3,3021.420261,396.3529896,0.830986116
3304.0,9,6319.397362,632.9578146,0.865705352
3305.0,10,6297.134639,13.81715538,0.199321097
3306.0,6,657.4042085,73.02174531,0.199574688
3307.0,7,50327.242,580.4088527,0.241874077
3308.0,10,15494.001,29.02587807,0.607784528
3309.0,3,201.5212019,12.68871528,0.087620069
3310.0,4,872.5217426,161.9988883,0.409662743
3311.0,2,49.1033702,7.171531574,8.052925788
3313.0,10,10534.73548,263.2845316,0.965220926
3314.0,2,1311.472539,260.6362495,0.390537769
3315.0,8,259.081774,9.231001212,0.048467916
3316.0,18,232.6331087,13.83949784,0.107852568
3317.0,13,209.8647587,4.642457846,0.054163384
3318.0,7,1635.388006,103.5658429,0.358909837
3319.0,6,1880.849066,4.328206054,0.361543929
3320.0,6,804.3508848,70.41198764,0.361219082
3321.0,4,1831.572367,26.74598014,0.246795382
3322.0,15,155.8231486,7.316366975,0.067785061
3323.0,10,717.277955,6.550744209,0.081117321
3324.0,4,73.3765679,2.625256567,0.042217682
3325.0,17,17287.13417,221.0076348,0.504790775
3326.0,29,646902.33159,1141.6379014,32.3712222005
3327.0,2,,,
3328.0,15,,,
3329.0,7,,,
3330.0,3,,,
3331.0,5,,,
3332.0,6,,,
3333.0,20,,,
3334.0,2,,,
3335.0,3,,,
3336.0,11,,,
3338.0,17,,,
3339.0,4,,,
3340.0,8,,,
3342.0,5,,,
3343.0,27,554371.1656279999,1319.9129274499999,39.0554333137
3344.0,10,249.1519452,3.138913964,0.020254889
3345.0,21,26.0080679,0.458199319,0.005784922
3346.0,8,,,
3347.0,8,,,
3348.0,2,,,
3349.0,21,,,
3350.0,5,,,
3351.0,6,,,
3352.0,2,,,
3353.0,10,,,
3354.0,5,,,
3355.0,12,,,
3356.0,22,347115.4337727189,1341.6986069218751,21.403300502
3357.0,8,,,
3359.0,10,305.3230383,2.674854791,0.027388231
3360.0,8,,,
3362.0,20,211445.9712488,1464.641624322,32.7255029245
3364.0,6,,,
3366.0,18,,,
3367.0,8,,,
3368.0,10,,,
3369.0,13,,,
3370.0,18,,,
3371.0,20,,,
3372.0,25,,,
3374.0,25,,,
3375.0,11,,,
3376.0,22,,,
3377.0,6,,,
3378.0,13,,,
3379.0,2,,,
3380.0,6,,,
3381.0,16,575.0364269,1.789531772,0.050823752
3382.0,12,,,
3383.0,20,,,
3384.0,11,153663.34587666666,272.6348223666667,11.438292751
3386.0,6,,,
3387.0,14,20.18493621,0.459078939,0.007821099
3388.0,18,76856.49919205715,121.25790004614285,7.933545432
3389.0,9,,,
3390.0,18,1372.26756,9.790245694,0.142163345
3394.0,3,,,
3395.0,3,,,
3396.0,1,,,
3398.0,2,,,
3401.0,3,,,
3402.0,2,,,
3403.0,1,,,
3407.0,9,296.481407532,4.4818544446,0.027245055400000003
3408.0,11,82.5812651684,0.3616139168,0.0090411146
3410.0,15,105.34718920366667,0.702136804,0.0075643203333333325
3411.0,26,5408.715671364285,25.87334219807143,0.19516086621428572
3412.0,17,3.346432784,0.059456325,0.000150418
3413.0,13,0.460973527,0.1197260675,0.0001800165
3414.0,21,119.55335008000002,0.439120427,0.018860801
3415.0,17,86.49090119166665,0.5564775951666666,0.007041055333333333
3416.0,20,110.5560469448,0.4865722421,0.0064101742
3418.0,23,79.4974113812,0.6554083576,0.0078906384
3419.0,22,313.39250484142855,0.7482995477142858,0.013995311285714285
3420.0,11,79.59737055466667,2.1595428463333337,0.017063410666666667
3421.0,22,643.7083486733334,15.605699079733334,0.0892302194
3422.0,21,8.258458582428572,0.10167108271428571,0.0008205605714285715
3424.0,19,11.056566917846153,1.4423639851538463,0.0037070055384615386
3425.0,29,233.12571695253848,0.9950167156153846,0.009938186307692307
3426.0,17,4290.22207993,252.25522030000002,0.2661474873333333
3427.0,6,,,
3428.0,8,49.46438476,0.96578593,0.001406996
3429.0,1,,,
3430.0,10,1113.376432,43.1825019,0.200733875
3431.0,20,8210.678039,1538.10269,1.24692811
3432.0,6,2177.363018,269.0068805,0.18065532
3433.0,13,4434.551299466667,252.50949419666665,0.294073618
3434.0,17,50194.95953,5294.609084,4.10550417
3435.0,2,,,
3436.0,2,,,
3437.0,6,879.6682657,19.88440881,0.055730889
3438.0,10,324.4787632632,6.4860087802,0.0230632164
3440.0,7,4074.1542693333336,185.87207266666667,0.32233501666666664
3441.0,9,308.2488928,22.27255879,0.039446267
3443.0,6,175.960639,22.55484328,0.041516432
3444.0,8,433.48193233333336,22.01759333,0.044650626
4150.0,27,60.686534452714284,8.125670561714285,0.006341579
12904.0,18,238.814871935,26.7090649515,0.0927493025
12905.0,16,,,
12907.0,4,1.887051109,7.468902062,0.0029347925
12908.0,12,,,
12909.0,4,26.44357942,65.711619885,0.052838635499999995
12910.0,5,4316.54724,241.3136167,0.579072814
12912.0,20,6483.06820056,26.6320919785,0.1338079515
12915.0,5,898.9139814499999,10.692165715,0.015049736000000001
12918.0,19,8420.91951974,104.146432652,0.675940495
12919.0,3,,,
12920.0,6,,,
12921.0,10,,,
12922.0,13,863.91466985,11.8126010905,0.09504782649999999
12923.0,12,,,
12924.0,5,,,
12925.0,23,7062.7502911500005,131.635984114,0.754611474
12926.0,3,,,
12927.0,10,,,
12928.0,17,304.22524193333334,13.673614006333333,0.06504977333333332
12930.0,18,2344.9836943150003,33.537761861999996,0.268655188
12931.0,19,,,
16838.0,11,2139.30994,0.989216781,0.046457495
16842.0,2,9.916894812,0.12367386,0.000605989
16843.0,1,,,
21969.0,11,105.2622089,0.682516298,0.007216613
21970.0,9,,,
21971.0,25,153.40508338,0.23584953139999998,0.0071878732
21972.0,17,180.1118966,0.37218503000000003,0.0062487015
21973.0,25,640.9408572625,0.7367537532499999,0.012351779625
22005.0,34,85237.635333,266.732529323,1.7163708738
22006.0,22,147.57053760000002,0.745030874,0.0078192075
22007.0,23,743.3165114833333,9.791104025333333,0.26470304716666665
22008.0,17,,,
25350.0,2,,,
25351.0,4,,,
25352.0,2,,,
25353.0,1,,,
25355.0,4,,,
25356.0,5,,,
25358.0,1,,,
25359.0,1,,,
25360.0,1,,,
25361.0,3,,,
25362.0,1,,,
25365.0,5,,,
25366.0,1,,,
25369.0,2,,,
25371.0,2,41.44445623,1.727273979,0.049726087
25372.0,5,31.66832107,1.277825371,0.032762167
25373.0,4,39.69552326,0.573382992,0.017931545
25374.0,5,,,
25375.0,3,,,
25376.0,2,,,
25377.0,5,1.799149305,0.178260557,0.006970695
25378.0,5,,,
25379.0,5,,,
25380.0,3,,,
25381.0,8,8.464779927,0.176137697,0.005450236
25382.0,8,41.6794204,1.294670984,0.04186904
25383.0,5,,,
25384.0,4,,,
25385.0,4,,,
25386.0,4,5.026015106,0.180872867,0.006711586
25387.0,2,,,
25388.0,5,,,
25389.0,4,,,
25390.0,4,,,
25391.0,5,,,
25392.0,1,,,
25393.0,1,,,
25394.0,5,,,
25395.0,3,,,
25396.0,4,9.527432426,0.267131285,0.011213112
25397.0,5,,,
25398.0,3,,,
25399.0,1,,,
25400.0,6,187.9076554,1.389072884,0.02218823
33110.0,3,,,
33111.0,17,,,
33112.0,6,,,
33113.0,3,,,
36854.0,8,4.856105321,0.11734784,0.00883103
36855.0,6,4.154304266,0.05867909,0.00591611
36856.0,7,,,
36857.0,6,,,
36858.0,8,1457.77167,0.117789432,0.129674412
37021.0,32,3582.275901521182,199.96131766877272,0.25567763845454544
39696.0,1,,,
39697.0,2,,,
40187.0,4,,,
40189.0,4,,,
40190.0,7,,,
40276.0,21,1295.8056743074999,21.0762447545,0.06110447575
40277.0,13,20.887996133333335,0.46770111799999997,0.0025317733333333333
40278.0,20,,,
40279.0,14,55.61400022066667,5.901300078999999,0.04005249
40280.0,25,142.3760730735,2.3547975675,0.011938188
40281.0,11,,,
40282.0,14,71.68719857333333,8.354599781,0.07265461433333333
40283.0,14,132.734421316,17.2489879822,0.037046274000000004
40284.0,23,1789.986398994,36.683379243000005,0.1433095702
40285.0,20,556.42050224,6.507971706000001,0.03968521579999999
40286.0,14,228.147890235,3.955020523,0.045841140499999995
40287.0,26,46.86476438,1.4820505496666667,0.004102054
40288.0,15,74.53617895385716,1.1935176967142858,0.007239112142857143
40408.0,37,28441.5667675,89.2249037175,0.78116722575
40409.0,27,2196.33728725,226.57013640000002,0.3246639535
40422.0,26,124.58710945375,51.05339749125,0.107534433125
40423.0,25,194.1636716125,21.658259307625,0.14501236425
40424.0,24,18708.451024,13.351576648999998,0.67705067325
40425.0,24,1294.70530838075,2.807327457375,0.08108942687500001
40426.0,24,1011.9614651645,2.0016487953333333,0.2043482761666667
40427.0,24,570.6284837675,11.595192188125,0.1034454785
40428.0,24,4100.187015074834,6.149202364333333,0.6512099931666667
40429.0,24,1176.6333784714284,2.5056003214285716,0.08596977642857143
40430.0,24,1274.190971425,17.24262750375,0.68463834
40431.0,25,42382.466733275,81.7328646145,0.443827144125
40443.0,38,1756.4957877933334,1559.8325192933332,0.7670985908666667
40444.0,46,49.69865136866667,7.073931804933333,0.013869866666666668
40445.0,51,785.405838273125,68.973325438875,0.11985000125
40446.0,54,2189.535595289231,130.93749615784617,0.0989401006923077
40447.0,27,12779.930388499999,1683.5292182833334,3.2625631728333335
40448.0,44,281.84811894066667,512.8532432973333,0.4296623839333334
40449.0,41,624.6088718333333,278.64880387333335,0.07569072713333333
40450.0,34,189.26913145833336,11.621043278500002,0.031229853833333335
40542.0,10,17.0666296,0.062006043,0.005901688
40543.0,24,1826.4921821,0.43382636150000004,0.1560120575
40544.0,29,892.429904584,1.6920442552000001,0.11633483390000002
40545.0,8,1264.686821,1.4864239449999999,0.047081961000000006
40546.0,1,,,
40547.0,15,,,
40548.0,2,,,
40549.0,3,,,
40550.0,5,17.0666296,0.062006043,0.005257202
40551.0,1,,,
40552.0,7,110.18887823,0.24765047766666667,0.010077805
40553.0,4,,,
40554.0,3,,,
40555.0,1,,,
40556.0,3,,,
40557.0,1,,,
40558.0,5,17.38265298,0.123917356,0.005517296
40700.0,1,1624.893458,32.47537998,0.103462917
40701.0,7,7808.383428,2.448325492,0.77685083
40702.0,2,,,
40703.0,14,2976.7964403966666,50.17782668633333,0.06994836833333333
40704.0,6,276.4884801,5.19062209,0.019350435
40705.0,2,1017.533115,16.74776678,0.073752759
40706.0,2,465.5991607,14.64596651,0.082367136
40707.0,6,,,
40766.0,3,,,
40772.0,18,322.44224196249996,5.54984523375,0.002806759875
41310.0,2,,,
41311.0,2,,,
41373.0,29,28530.42073675,179.795884723125,0.764560709
41750.0,2,,,
41752.0,6,,,
41755.0,1,,,
41757.0,2,,,
41758.0,2,,,
41759.0,2,,,
41760.0,3,,,
41762.0,2,,,
41766.0,3,,,
41768.0,1,,,
41769.0,3,,,
41772.0,15,18701.4921332,142.402794304,0.6009183976
41773.0,16,39638.5210204,269.921140526,1.8101355613999999
41774.0,7,23.93823769,0.493682229,0.0012522195
41775.0,3,11.01658677,0.170142952,0.00028748
41776.0,3,649.8751611,18.42950234,0.032324403
42180.0,3,109.545305,0.310421717,0.017117373
42181.0,5,5670.875207499999,33.1712936,2.041542025
42182.0,11,12451.688294,2.576557553,1.324941698
42183.0,2,85.00352389,0.34147533750000003,0.014177915
42184.0,2,,,
42185.0,7,3123.5030374999997,18.745444225,1.0862662854999998
42189.0,2,2804.061963,5.4325083135,0.1577306945
42195.0,2,4209.3783225,45.1827991,1.28649651
42197.0,7,13.424165745,0.2172971125,0.014464684999999998
42200.0,3,5491.326307,3.6941367485,0.1314692245
42201.0,7,,,
47067.0,6,14564.632285,132.03689965,7.5122153135000005
47068.0,6,4571.893395,35.6177439,1.376638832
47071.0,12,39.4307707,0.124163799,0.019009421
47072.0,3,,,
47073.0,2,169.7673683,1.055370614,0.039410823
47074.0,7,4.715631419999999,0.9916290925,0.013783714999999998
47075.0,5,9707.375187000001,29.050346405,3.344137747
47078.0,6,4468.676311,38.66014393,1.5915296825
47079.0,2,34.331616185,1.1795805415,0.0256146345
47080.0,4,,,
47083.0,2,,,
47085.0,21,,,
47086.0,3,,,
47087.0,2,1317.08127685,6.1464404015,0.38981378
47088.0,2,2611.8085265,17.104495375,0.3697760835
47089.0,2,,,
47090.0,2,,,
47585.0,6,,,
47586.0,7,2284.542707,17.02262561666667,0.26314081733333333
47587.0,1,,,
47588.0,8,4736.441042,91.49603427,0.311269385
47589.0,12,1854.4334987933332,36.28994098966667,0.19052179533333335
47678.0,18,55556.03839142858,508.73586919999997,0.15756529657142856
47679.0,28,4482.548200166667,215.7777583016667,0.06897941916666667
48357.0,10,8134.6865245,1449.222676075,3.80634500675
48358.0,10,3796.3860895,1.32556594,0.081134242
48359.0,8,,,
48362.0,5,956.6357464,30.391460145,0.06763200899999999
48363.0,7,,,
48364.0,6,362.30324055,290.44386035,0.44870249500000003
48365.0,8,12205.05475,685.0888805,1.4608903195
48366.0,4,90.37476459,0.930704845,0.003079412
48367.0,14,8441.428418,335.1224573,0.5454915149999999
48368.0,13,63842.19928080001,1118.7900760796667,1.595404614666667
48369.0,6,4768.847052,46.08093425,0.258834495
48372.0,3,65.00596947,0.154395958,0.032883578999999996
48373.0,15,12578.394425225,375.58896329000004,1.17598497525
48375.0,7,,,
48379.0,3,99.941499595,0.6480201975,0.0734388185
48380.0,4,,,
48381.0,8,662.5063257500001,4.2051816495,0.015059609500000001
48382.0,2,,,
51325.0,24,457.6522882766667,1.489962944,0.011315769666666668
51326.0,47,12886.3428975,34.30552111166667,0.0414684665
51327.0,37,2297.499146716667,137.35486935833333,0.08971846383333333
51328.0,25,1453.731344325,1.2259169955,0.1760676905
51329.0,40,120.24537725780002,7.832497141,0.006142342
51330.0,49,7612.93639975,23.390709735625,0.14370277812499999
51331.0,52,18030.381131285714,631.1411099714286,0.3496635322857143
51332.0,36,1288.30944635,4.00455608225,0.047884992
61148.0,1,,,
61178.0,1,,,
61193.0,1,,,
61286.0,3,,,
61287.0,1,,,
61288.0,2,,,
61289.0,1,,,
61290.0,2,,,
61362.0,38,1476128.6123333334,1438.458726111111,7.904864062888889
61363.0,34,634774.0617871428,650.7913228171428,4.016259628999999
61512.0,2,,,
61514.0,1,,,
61515.0,2,,,
61518.0,1,,,
61520.0,2,,,
61521.0,1,,,
61526.0,1,,,
61527.0,1,,,
61529.0,1,,,
61532.0,3,,,
61533.0,1,,,
61534.0,2,,,
64821.0,23,479.26845113857144,0.23188468757142858,0.010514089285714286
64822.0,8,,,
64823.0,10,38.83869838,0.060092363,0.011207475
64824.0,7,,,
64825.0,16,513.965314375,5.061181810625,0.112670494375
64826.0,16,1024.83611885,20.15690631,0.639326523
64827.0,16,316.41600545,6.4859135415,0.5557712405
64828.0,12,59.58598867,0.1199736695,0.011146231
64829.0,15,523.42438085,1.7422435495,0.08167754799999999
64830.0,24,65.48643532700001,0.987585456,0.041229505900000005
64831.0,12,397.70663685,3.8794937980000004,0.2288593535
64832.0,17,156.99181184,0.5208381965000001,0.0146723345
64833.0,15,19.276983775250002,0.179157899,0.002429687
64834.0,17,12.485568581333334,0.21910372600000003,0.0030166269999999996
64835.0,14,10.802664190333333,0.16972700266666665,0.005624083166666666
64836.0,29,98.46667881454546,1.319239173818182,0.012449756727272727
64837.0,16,2121.497113325,157.0421534875,0.43684931075
64838.0,12,209.34887668825002,4.439131424,0.053731137250000005
64839.0,20,,,
64840.0,8,,,
64841.0,6,,,
64842.0,10,1132.6599395,12.1787333725,0.36408752825
65698.0,6,,,
65699.0,18,3215.1388322400003,16.03202417,0.032678125
65700.0,5,,,
65701.0,10,,,
65702.0,1,,,
65703.0,5,,,
65704.0,12,,,
65705.0,12,,,
65706.0,3,20.66577473,0.123472997,0.000853337
65707.0,8,,,
65708.0,4,,,
65709.0,15,6146.210928,32.57198252,0.102049898
65710.0,21,398.9568976,4.488496183,0.013000862
67152.0,12,194.3061119,0.610249525,0.061508493
67153.0,13,695.5770564,0.122103251,0.037287309
67154.0,15,2450.950358825,0.47978010075,0.72027727025
67156.0,33,23082.966379999998,177.37901265,1.381949551
67159.0,12,3696.5931440000004,5.969684422,0.041515718
67160.0,34,8024.025199666667,5.98154104,0.03452603433333334
67161.0,39,2742.2274848750003,3.6504382875,0.020097756
67162.0,32,43332.76726,73.58052727,0.383731682
67165.0,18,335152.3482,348.8484863,1.676183666
67166.0,10,47598.45009,14.31639959,0.084770913
67167.0,16,3006.44369565,4.4899436535,0.0166552025
68783.0,33,1306.5183638507694,58.38895461684615,0.11026112976923078
68784.0,35,360.8854241197,10.742263819600002,0.0044339658
68805.0,25,5491.783280081818,149.80861171727273,0.26861145372727274
69549.0,5,172.960677063,20.505779636,0.027149265
69550.0,3,462.8408318,8.924031478000002,0.027816410333333333
70036.0,12,,,
70037.0,12,,,
70072.0,30,2999.42204093,62.43463972440001,0.4106880343
70073.0,63,2280221.9938204284,1851.2865229019046,1.9635915583809522
70074.0,1,,,
70075.0,17,25822.55982257143,132.12586333857143,0.09755909657142857
70077.0,1,,,
70078.0,12,58027.35474,49.14284663,0.061397841
70079.0,37,308075.26513515384,1514.1951329276924,0.49153541546153845
70080.0,8,,,
70081.0,56,877850.3153799999,918.0054110799999,0.3812678256
70082.0,40,14872.49326925,45.36937498,0.086951368
72911.0,20,462.57003860799995,1.2834006012,0.0671262832
72912.0,18,893.0058588,1.914425711,0.1564738675
73609.0,1,,,
73610.0,29,81695.612565,49.20538838,0.5237725225000001
73611.0,13,2204.9635005,59.197163275,0.491231505
73612.0,2,,,
73613.0,53,142745.07642792,118.74907569259999,0.32198683040000003
73614.0,2,,,
73615.0,6,165.0394949,8.303390697,0.022214623
73616.0,5,22.488231445,0.7447327305,0.0018434825000000002
73617.0,6,,,
73618.0,23,,,
73619.0,10,3675.021015,37.82147876,0.223671386
73620.0,28,78255.3808025,414.70380032500003,0.9073482722499999
73621.0,15,333.181446955,1.20944558,0.008244894
73622.0,13,15094.319285450001,139.3926182445,0.16155472550000002
73933.0,18,203105.1297407875,403.95719619925,29.008576951125
73934.0,15,1161.050352,10.66006379,0.081904639
73935.0,7,1029.627715,9.583670783,0.147441557
73936.0,14,5.012202691,0.057513986,0.000627458
73937.0,6,152371.1605135,347.6448458825,20.79752645525
73938.0,15,669.1451631,11.62328162,0.128219214
73939.0,19,,,
74346.0,11,697.30263891725,20.497450463125,0.10758963625
74347.0,9,5.171704071,0.4101085445,0.0029731005
77310.0,13,4630.15599473725,29.1746081185,0.0172652435
77311.0,26,2864.3753108595,38.748874205499995,0.041535026999999995
77312.0,7,138.3920607,8.535216995,0.006793983
77313.0,10,340.6199732,10.26378682,0.013384537
77314.0,6,9.771172556,4.025488991,0.003839876
77315.0,4,,,
91501.0,11,,,
91502.0,2,,,
91503.0,3,,,
91504.0,13,62.67886055,4.472558909,0.024332054
93668.0,11,34.48956165,0.367515627,0.007863057
93669.0,14,76.50440949499999,1.7511978730000002,0.026552743
93670.0,9,,,
93671.0,2,,,
93672.0,4,,,
93673.0,10,,,
99878.0,9,74.01161173466666,3.4610618006666667,0.021954525666666665
99879.0,13,1.764717809,0.050707326,0.001358599
99880.0,24,10.589428498999998,0.22059821300000002,0.003943458666666667
99881.0,11,420.9342294333333,10.444571413666667,0.09626498633333332
112869.0,12,2133.8758666999997,0.7849285443999999,0.6759592238000001
115002.0,7,1359.612985775,41.536302719000005,0.1972139445
115003.0,5,,,
115004.0,4,744.3694405,2.140814477,0.0058081775
115006.0,9,,,
115007.0,2,972.1190525,9.617960764500001,0.0451054845
115008.0,7,14861.722635,257.73252635,0.9174697975
115009.0,6,,,
144969.0,3,,,
144970.0,20,109.50219398700001,1.1714890572857144,0.0007029508571428572
144971.0,9,,,
144972.0,23,690.337525918,3.6863148319000003,0.0309439063
144973.0,5,,,
147298.0,5,,,
147299.0,3,,,
147301.0,3,,,
147306.0,1,,,
147326.0,6,,,
147327.0,2,,,
147328.0,2,,,
147329.0,3,,,
147330.0,3,,,
147331.0,2,38.26834014,23.02123249,0.035550491
147333.0,4,,,
147334.0,4,,,
147335.0,6,11.94202862,1.011475814,0.00140285
147336.0,4,,,
147337.0,5,,,
147338.0,6,,,
149627.0,2,26.00952269,0.168182135,0.010633136
149630.0,9,,,
190430.0,1,,,
190432.0,14,113446.457905,13.921118376333334,5.6678476165000005
190433.0,2,,,
190434.0,8,10.675463517499999,1.1959300891666667,0.214007641
